Sample,Relavant_For_Analysis_Y_N,Positive_Y_N,Notes
2019-019-7,N,,Control
2000-005-5,,,
1,Y,Y,
2,Y,Y,
3,Y,Y,
4,Y,Y,
5,Y,Y,
6,Y,Y,
7,Y,Y,
8,Y,Y,
9,Y,Y,
10,Y,Y,
11,Y,Y,
12,Y,Y,
13,Y,Y,
14,Y,Y,
15,Y,Y,
16,Y,Y,
17,Y,Y,
18,Y,Y,
19,Y,Y,
20,Y,Y,
21,Y,Y,
22,Y,Y,
23,Y,Y,
24,Y,Y,
2020-007-9,N,,Immuno
2020-025-5,,,
1,Y,N,
2,Y,N,
3,Y,N,
4,Y,N,
5,Y,N,
6,Y,N,
7,Y,N,
8,Y,N,
2011-039-1,,,
1,Y,N,
2,Y,N,
3,Y,N,
4,Y,N,
5,Y,N,
2019-017-9,N,,Immuno
2020-044-9,N,,Pentachrome
2020-044-6,,,
1,Y,N,
2,Y,N,
3,Y,N,
4,Y,N,
5,Y,N,
6,Y,N,
7,Y,N,
8,Y,N,
9,Y,N,
10,Y,N,
11,Y,N,
12,Y,N,
13,Y,N,
14,N,,
15,Y,N,
16,N,,
17,Y,N,
18,N,,
19,Y,N,
20,N,,
2020-044-5,,,
1,Y,N,
2,Y,N,
3,Y,N,
4,Y,N,
5,Y,N,
6,Y,N,
7,Y,N,
8,Y,N,
9,Y,N,
10,Y,N,
11,Y,N,
12,Y,N,
13,Y,N,
14,N,,
15,Y,N,
16,N,,
17,Y,N,
18,N,,
19,Y,N,
20,N,,
2020-044-4,,,
1,Y,N,
2,Y,N,
3,Y,N,
4,Y,N,
5,Y,N,
6,Y,N,
7,Y,N,
8,Y,N,
9,Y,N,
10,Y,N,
11,Y,N,
12,Y,N,
13,Y,N,
14,N,,
15,Y,N,
16,N,,
17,Y,N,
18,N,,
19,Y,N,
20,N,,
2020-044-3,,,
1,Y,N,
2,Y,N,
3,Y,N,
4,Y,N,
5,Y,N,
6,Y,N,
7,Y,N,
8,Y,N,
9,Y,N,
10,Y,N,
11,Y,N,
12,Y,N,
13,Y,N,
14,N,,
15,Y,N,
16,N,,
17,Y,N,
18,N,,
19,Y,N,
20,N,,
2020-044-2,,,
1,Y,N,
2,Y,N,
3,Y,N,
4,Y,N,
5,Y,N,
6,Y,N,
7,Y,N,
8,Y,N,
9,Y,N,
10,Y,N,
11,Y,N,
12,Y,N,
13,Y,N,
14,N,,
15,Y,N,
16,N,,
17,Y,N,
18,N,,
19,Y,N,
20,N,,
2020-044-1,,,
1,Y,N,
2,Y,N,
3,Y,N,
4,Y,N,
5,Y,N,
6,Y,N,
7,Y,N,
8,Y,N,
9,Y,N,
10,Y,N,
11,N,,
12,Y,N,
13,N,,
14,Y,N,
15,N,,
2020-043-9,N,,Immuno
2020-043-8,N,,Pentachrome
2020-043-7,N,,Pentachrome
2020-043-6,,,
1,Y,N,
2,Y,N,
3,Y,N,
4,Y,N,
5,Y,N,
6,Y,N,
7,Y,N,
8,Y,N,
9,Y,N,
10,Y,N,
11,Y,N,
12,Y,N,
13,Y,N,
14,Y,N,
2020-043-5,,,
1,Y,N,
2,Y,N,
3,Y,N,
4,Y,N,
5,Y,N,
6,Y,N,
7,Y,N,
8,Y,N,
9,Y,N,
10,Y,N,
11,Y,N,
12,Y,N,
13,Y,N,
14,Y,N,
2020-043-4,,,
1,Y,N,
2,Y,N,
3,Y,N,
4,Y,N,
5,Y,N,
6,Y,N,
7,Y,N,
8,Y,N,
9,Y,N,
10,Y,N,
11,Y,N,
12,Y,N,
13,Y,N,
14,Y,N,
2020-043-3,,,
1,Y,N,
2,Y,N,
3,Y,N,
4,Y,N,
5,Y,N,
6,Y,N,
7,Y,N,
8,Y,N,
9,Y,N,
10,Y,N,
11,Y,N,
12,Y,N,
13,Y,N,
14,Y,N,
2020-043-2,,,
1,Y,N,
2,Y,N,
3,Y,N,
4,N,,Incomplete section
5,Y,N,
6,Y,N,
7,Y,N,
8,Y,N,
9,Y,N,
10,Y,N,
11,N,,Incomplete section
12,Y,N,
13,Y,N,
14,Y,N,
2020-043-11,N,,Immuno
2020-043-10,N,,Immuno
2020-043-1,,,
1,Y,N,
2,Y,N,
3,Y,N,
4,N,,Incomplete section
5,Y,N,
6,Y,N,
7,Y,N,
8,Y,N,
9,Y,N,
10,Y,N,
11,N,,Incomplete section
12,Y,N,
13,Y,N,
14,Y,N,
2020-041-1,,,
1,Y,N,
2,Y,N,
3,Y,N,
4,Y,N,
5,Y,N,
6,Y,N,
7,Y,N,
8,Y,N,
9,N,,Poor section
10,N,,Poor section
2020-037-9,N,,Immuno
2020-037-8,N,,Immuno
2020-037-7,N,,Pentachrome
2020-036-9,N,,Immuno
2020-036-8,N,,Immuno
2020-036-7,N,,Pentachrome
2020-036-6,,,
1,Y,N,
2,Y,N,
3,Y,N,
4,Y,N,
5,Y,N,
2020-036-5,,,
1,Y,N,
2,Y,N,
3,Y,N,
4,Y,N,
5,Y,N,
6,Y,N,
7,Y,N,
8,Y,N,
9,Y,N,
10,Y,N,
2020-036-4,,,
1,Y,N,
2,Y,N,
3,Y,N,
4,Y,N,
5,Y,N,
6,Y,N,
7,Y,N,
8,Y,N,
9,Y,N,
10,Y,N,
2020-036-3,,,
1,Y,N,
2,Y,N,
3,Y,N,
4,Y,N,
5,Y,N,
2020-036-2,,,
1,Y,N,
2,Y,N,
3,Y,N,
4,Y,N,
5,Y,N,
6,Y,N,
7,Y,N,
8,Y,N,
9,Y,N,
10,Y,N,
2020-036-10,N,,Immuno
2020-036-1,,,
1,Y,N,
2,Y,N,
3,Y,N,
4,Y,N,
5,Y,N,
6,Y,N,
7,Y,N,
8,Y,N,
9,Y,N,
10,Y,N,
2020-031-9,N,,Immuno
2020-031-8,N,,Immuno
2020-031-7,N,,Immuno
2020-031-6,,,
1,Y,N,
2,Y,N,
3,Y,N,
4,Y,N,
5,Y,N,
6,Y,N,
7,Y,N,
8,Y,N,
9,Y,N,
10,Y,N,
11,Y,N,
12,Y,N,
2020-031-5,,,
1,Y,N,
2,Y,N,
3,Y,N,
4,Y,N,
5,Y,N,
6,Y,N,
7,Y,N,
8,Y,N,
9,Y,N,
10,Y,N,
11,Y,N,
12,Y,N,
2020-031-4,,,
1,Y,N,
2,Y,N,
3,Y,N,
4,Y,N,
5,Y,N,
6,Y,N,
7,Y,N,
8,Y,N,
9,Y,N,
10,Y,N,
11,Y,N,
12,Y,N,
2020-031-3,,,
1,Y,N,
2,Y,N,
3,Y,N,
4,Y,N,
5,Y,N,
6,Y,N,
7,Y,N,
8,Y,N,
9,Y,N,
10,Y,N,
11,Y,N,
12,Y,N,
2020-031-2,,,
1,Y,N,
2,Y,N,
3,Y,N,
4,Y,N,
5,Y,N,
6,Y,N,
7,Y,N,
8,Y,N,
9,Y,N,
10,Y,N,
11,Y,N,
12,Y,N,
2020-031-10,N,,Pentachrome
2020-031-1,,,
1,Y,N,
2,Y,N,
3,Y,N,
4,Y,N,
5,Y,N,
6,Y,N,
7,Y,N,
8,Y,N,
9,Y,N,
10,Y,N,
11,Y,N,
12,Y,N,
2011-039-1,,,
1,Y,N,
2,N,,No artery in section
3,Y,N,
4,Y,N,
5,Y,N,
2020-039-8,N,,Immuno
2000-005-4,,,
1,N,,Out of focus
2,Y,Y,
3,N,,Out of focus
4,Y,Y,
5,Y,Y,
6,Y,Y,
7,Y,Y,
8,Y,Y,
9,Y,Y,
10,Y,Y,
11,Y,Y,
12,Y,Y,
13,Y,Y,
14,Y,Y,
15,Y,Y,
16,N,,Out of focus
17,Y,Y,
18,Y,Y,
19,Y,Y,
20,N,,Out of focus
21,Y,Y,
22,N,,Out of focus
23,Y,Y,
24,N,,Out of focus
2020-026-1,,,
1,Y,N,
2,Y,N,
3,Y,N,
4,Y,N,
5,Y,N,
6,Y,N,
7,Y,N,
8,Y,N,
2006-023-8,N,,Poor section
2011-039-5,,,
1,Y,N,
2,N,,No artery in section
3,Y,N,
4,Y,N,
5,Y,N,
2009-031-6,,,
1,Y,Y,
2,Y,Y,
3,Y,N,
4,Y,N,
5,Y,N,
6,Y,N,
7,Y,N,
8,Y,N,
9,Y,N,
10,Y,N,
2006-023-9,N,,Poor section
2008-027-1,,,
1,Y,Y,
2,Y,Y,
3,Y,Y,
4,Y,Y,
5,Y,Y,
6,Y,Y,
7,Y,Y,
8,Y,Y,
2006-023-3,,,
1,Y,Y,
2,Y,Y,
3,Y,Y,
4,Y,Y,
2004-049-3,,,
1,Y,Y,
2,Y,Y,
3,Y,Y,
4,Y,Y,
5,Y,Y,
6,Y,Y,
7,Y,Y,
8,Y,Y,
9,Y,Y,
10,Y,Y,
11,Y,Y,
12,Y,Y,
13,Y,Y,
14,Y,Y,
15,Y,Y,
2004-049-10,,,
1,Y,Y,
2,Y,Y,
3,Y,Y,
4,Y,Y,
5,Y,Y,
6,Y,Y,
7,Y,Y,
8,Y,Y,
2002-022-1,,,
1,Y,Y,
2,Y,Y,
3,Y,Y,
4,Y,Y,
5,Y,Y,
6,Y,Y,
7,Y,Y,
8,Y,Y,
9,Y,Y,
10,Y,Y,
11,Y,Y,
12,Y,Y,
13,Y,Y,
14,Y,Y,
15,Y,Y,
16,Y,Y,
2012-029-3,,,
1,Y,Y,
2,Y,Y,
3,Y,Y,
4,Y,Y,
5,Y,Y,
6,Y,Y,
7,Y,Y,
8,Y,Y,
9,Y,Y,
10,Y,Y,
2018-016-1,,,
1,Y,Y,
2,Y,Y,
3,Y,Y,
4,Y,N,
5,Y,N,
6,Y,N,
7,Y,N,
8,Y,N,
9,Y,N,
10,Y,N,
11,Y,N,
12,Y,N,
2019-017-9,N,,Immuno
2019-019-3,,,
1,Y,N,
2,Y,N,
3,Y,N,
4,Y,N,
5,N,,Poor section
6,N,,Poor section
7,Y,N,
8,Y,N,
9,Y,N,
10,Y,N,
2019-021-10,N,,Immuno
2019-021-7,N,,Pentachrome
2019-049-7,N,,Pentachrome
2019-105-10,N,,Immuno
2019-106-8,N,,Pentachrome
2020-027-16,,,
1,Y,N,
2,Y,N,
3,Y,N,
4,Y,N,
5,Y,N,
6,Y,N,
7,Y,N,
8,Y,N,
9,Y,N,
10,Y,N,
11,Y,N,
12,Y,N,
2020-027-5,,,
1,Y,N,
2,Y,N,
3,Y,N,
4,Y,N,
5,Y,N,
6,Y,N,
7,Y,N,
8,Y,N,
9,Y,N,
10,Y,N,
11,Y,N,
12,Y,N,
2020-027-7,N,,Pentachrome
2020-037-4,,,
1,Y,N,
2,Y,N,
3,Y,N,
4,Y,N,
5,Y,N,
6,Y,N,
2020-013-8,N,,Pentachrome
2020-027-11,,,
1,Y,N,
2,Y,N,
3,Y,N,
4,Y,N,
5,Y,N,
6,Y,N,
7,Y,N,
8,Y,N,
9,Y,N,
10,Y,N,
11,Y,N,
12,Y,N,
2020-027-12,,,
1,Y,N,
2,Y,N,
3,Y,N,
4,Y,N,
5,Y,N,
6,Y,N,
7,Y,N,
8,Y,N,
9,Y,N,
10,Y,N,
11,Y,N,
12,Y,N,
2020-041-11,N,,Immuno
2019-002-7,N,,Pentachrome
2019-101-10,N,,Immuno
2000-050-10,,,
1,Y,N,
2,Y,N,
3,Y,N,
4,Y,Y,
5,Y,Y,
6,Y,Y,
7,Y,Y,
8,Y,Y,
9,Y,Y,
2014-056-06,,,
1,Y,Y,
2,Y,Y,
3,Y,Y,
4,Y,Y,
5,Y,Y,
6,Y,Y,
7,Y,Y,
8,Y,Y,
9,Y,Y,
10,Y,Y,
2019-087-1,,,
1,Y,N,
2,Y,N,
3,Y,N,
4,Y,N,
5,Y,N,
6,Y,N,
7,Y,N,
8,Y,N,
9,Y,N,
10,Y,N,
11,Y,N,
12,Y,N,
13,Y,N,
14,Y,N,
15,Y,N,
16,Y,N,
17,Y,N,
18,Y,N,
19,Y,N,
20,Y,N,
2019-096-8,N,,Pentachrome
2019-087-3,,,
1,Y,N,
2,Y,N,
3,Y,N,
4,Y,N,
5,Y,N,
6,Y,N,
7,Y,N,
8,Y,N,
9,Y,N,
10,Y,N,
11,Y,N,
12,Y,N,
13,Y,N,
14,Y,N,
15,Y,N,
16,Y,N,
2019-087-4,,,
1,Y,N,
2,Y,N,
3,Y,N,
4,Y,N,
5,Y,N,
6,Y,N,
7,Y,N,
8,Y,N,
9,Y,N,
10,Y,N,
11,Y,N,
12,Y,N,
2019-087-5,,,
1,Y,N,
2,Y,N,
3,Y,N,
4,Y,N,
5,Y,N,
6,Y,N,
7,Y,N,
8,Y,N,
9,Y,N,
10,Y,N,
11,Y,N,
12,Y,N,
13,Y,N,
14,Y,N,
15,Y,N,
16,Y,N,
2016-0016-05,,,
1,Y,Y,
2,Y,Y,
3,Y,Y,
4,Y,Y,
5,Y,Y,
6,Y,Y,
2019-064-3,,,
1,Y,N,
2,Y,N,
3,Y,N,
4,Y,N,
5,Y,N,
6,Y,N,
7,Y,N,
8,Y,N,
9,Y,N,
10,Y,N,
2019-087-6,,,
1,Y,N,
2,Y,N,
3,Y,N,
4,Y,N,
5,Y,N,
6,Y,N,
7,Y,N,
8,Y,N,
9,Y,N,
10,Y,N,
11,Y,N,
12,Y,N,
13,Y,N,
14,Y,N,
15,Y,N,
16,Y,N,
2019-087-7,N,,Pentachrome
2019-087-8,N,,Immuno
2019-087-9,N,,Immuno
2019-087-11,N,,Control
2019-087-10,N,,Immuno
2019-087-12,N,,Control
2019-087-13,N,,Control
2019-080-1,,,
1,Y,N,
2,Y,N,
3,Y,N,
4,Y,N,
5,Y,N,
6,Y,N,
7,Y,N,
8,Y,N,
9,Y,N,
10,Y,N,
11,Y,N,
12,Y,N,
2019-080-2,,,
1,Y,N,
2,Y,N,
3,Y,N,
4,Y,N,
5,Y,N,
6,Y,N,
2019-080-3,,,
1,Y,N,
2,Y,N,
3,Y,N,
4,Y,N,
5,Y,N,
6,Y,N,
2019-080-4,,,
1,Y,N,
2,Y,N,
3,Y,N,
4,Y,N,
5,Y,N,
6,Y,N,
2019-080-6,,,
1,Y,N,
2,Y,N,
3,Y,N,
4,Y,N,
5,Y,N,
6,Y,N,
2019-080-5,,,
1,Y,N,
2,Y,N,
3,Y,N,
4,Y,N,
5,Y,N,
6,Y,N,
2019-080-7,N,,Immuno
2019-080-8,N,,Immuno
2019-080-9,N,,Immuno
2019-080-10,N,,Pentachrome
2019-080-11,N,,Control
2019-084-1,,,
1,Y,N,
2,Y,N,
3,Y,N,
4,Y,N,
5,Y,N,
6,Y,N,
7,Y,N,
8,Y,N,
9,Y,N,
10,Y,N,
11,Y,N,
12,Y,N,
13,Y,N,
14,Y,N,
2019-084-2,,,
1,Y,N,
2,Y,N,
3,Y,N,
4,Y,N,
5,Y,N,
6,Y,N,
7,Y,N,
8,Y,N,
9,Y,N,
10,Y,N,
11,Y,N,
12,Y,N,
13,Y,N,
14,Y,N,
2019-084-3,,,
1,Y,N,
2,Y,N,
3,Y,N,
4,Y,N,
5,Y,N,
6,Y,N,
7,Y,N,
8,Y,N,
9,Y,N,
10,Y,N,
11,Y,N,
12,Y,N,
13,Y,N,
14,Y,N,
2019-084-4,,,
1,Y,N,
2,Y,N,
3,Y,N,
4,Y,N,
5,Y,N,
6,Y,N,
7,Y,N,
8,Y,N,
9,Y,N,
10,Y,N,
11,Y,N,
12,Y,N,
13,Y,N,
14,Y,N,
2019-084-5,,,
1,Y,N,
2,Y,N,
3,Y,N,
4,Y,N,
5,Y,N,
6,Y,N,
7,Y,N,
8,Y,N,
9,Y,N,
10,Y,N,
11,Y,N,
12,Y,N,
13,Y,N,
14,Y,N,
2019-084-6,,,
1,Y,N,
2,Y,N,
3,Y,N,
4,Y,N,
5,Y,N,
6,Y,N,
7,Y,N,
8,Y,N,
9,Y,N,
10,Y,N,
11,Y,N,
12,Y,N,
13,Y,N,
14,Y,N,
2019-084-8,N,,Control
2019-084-10,N,,Control
2019-084-7,N,,Immuno
2019-084-9,N,,Immuno
2019-084-11,N,,Immuno
2019-097-13,N,,Immuno
2019-097-12,N,,Control
2019-084-12,N,,Pentachrome
2019-076-1,,,
1,Y,N,
2,Y,N,
3,Y,N,
4,Y,N,
5,Y,N,
6,Y,N,
7,Y,N,
8,Y,N,
9,Y,N,
10,Y,N,
11,Y,N,
12,Y,N,
13,Y,N,
14,Y,N,
15,Y,N,
16,Y,N,
2019-084-13,N,,Control
2019-076-2,,,
1,Y,N,
2,Y,N,
3,Y,N,
4,Y,N,
5,Y,N,
6,Y,N,
7,Y,N,
8,Y,N,
9,Y,N,
10,Y,N,
11,Y,N,
12,Y,N,
13,Y,N,
14,Y,N,
15,Y,N,
16,Y,N,
2019-090-1,,,
1,Y,N,
2,Y,N,
3,Y,N,
4,Y,N,
5,Y,N,
6,Y,N,
7,Y,N,
8,Y,N,
9,Y,N,
10,Y,N,
11,Y,N,
12,Y,N,
13,Y,N,
14,Y,N,
15,Y,N,
16,Y,N,
2019-076-3,,,
1,Y,N,
2,Y,N,
3,Y,N,
4,Y,N,
5,Y,N,
1,Y,N,
7,Y,N,
8,Y,N,
9,Y,N,
10,Y,N,
11,Y,N,
12,Y,N,
13,Y,N,
14,Y,N,
15,Y,N,
16,Y,N,
2019-076-4,,,
1,Y,N,
2,Y,N,
3,Y,N,
4,Y,N,
5,Y,N,
6,Y,N,
7,Y,N,
8,Y,N,
9,Y,N,
10,Y,N,
11,Y,N,
12,Y,N,
2019-090-2,,,
1,Y,N,
2,Y,N,
3,Y,N,
4,Y,N,
5,Y,N,
6,Y,N,
7,Y,N,
8,Y,N,
9,Y,N,
10,Y,N,
11,Y,N,
12,Y,N,
13,Y,N,
14,Y,N,
15,Y,N,
16,Y,N,
2019-076-5,,,
1,Y,N,
2,Y,N,
3,Y,N,
4,Y,N,
5,Y,N,
6,Y,N,
7,Y,N,
8,Y,N,
9,Y,N,
10,Y,N,
11,Y,N,
12,Y,N,
2019-090-3,,,
1,Y,N,
2,Y,N,
3,Y,N,
4,Y,N,
5,Y,N,
6,Y,N,
7,Y,N,
8,Y,N,
9,Y,N,
10,Y,N,
11,Y,N,
12,Y,N,
13,Y,N,
14,Y,N,
15,Y,N,
16,Y,N,
2019-076-6,,,
1,Y,N,
2,Y,N,
3,Y,N,
4,Y,N,
5,Y,N,
6,Y,N,
7,Y,N,
8,Y,N,
9,Y,N,
10,Y,N,
11,Y,N,
12,Y,N,
2019-076-7,N,,Immuno
2019-076-8,N,,Immuno
2019-090-4,,,
1,Y,N,
2,Y,N,
3,Y,N,
4,Y,N,
5,Y,N,
6,Y,N,
7,Y,N,
8,Y,N,
9,Y,N,
10,Y,N,
11,Y,N,
12,Y,N,
13,Y,N,
14,Y,N,
15,Y,N,
16,Y,N,
2019-076-9,N,,Immuno
2019-076-10,N,,Pentachrome
2019-076-11,N,,Control
2019-090-5,,,
1,Y,N,
2,Y,N,
3,Y,N,
4,Y,N,
5,Y,N,
6,Y,N,
7,Y,N,
8,Y,N,
9,Y,N,
10,Y,N,
11,Y,N,
12,Y,N,
13,Y,N,
14,Y,N,
15,Y,N,
16,Y,N,
2000-050-05,,,
1,Y,Y,
2,Y,Y,
3,Y,Y,
4,Y,Y,
5,Y,Y,
6,N,,Folded
7,Y,Y,
8,Y,Y,
9,Y,Y,
2019-090-6,,,
1,Y,N,
2,Y,N,
3,Y,N,
4,Y,N,
5,Y,N,
6,Y,N,
7,Y,N,
8,Y,N,
9,Y,N,
10,Y,N,
11,Y,N,
12,Y,N,
13,Y,N,
14,Y,N,
15,Y,N,
16,Y,N,
2019-075-1,,,
1,Y,N,
2,Y,N,
3,Y,N,
4,Y,N,
5,Y,N,
6,Y,N,
7,Y,N,
8,Y,N,
2019-075-2,,,
1,Y,N,
2,Y,N,
3,Y,N,
4,Y,N,
5,Y,N,
6,Y,N,
7,Y,N,
8,Y,N,
2019-075-3,,,
1,Y,N,
2,Y,N,
3,Y,N,
4,Y,N,
5,Y,N,
6,Y,N,
7,Y,N,
8,Y,N,
2019-090-7,N,,Immuno
2019-090-8,N,,Immuno
2019-075-4,,,
1,Y,N,
2,Y,N,
3,Y,N,
4,Y,N,
5,Y,N,
6,Y,N,
7,Y,N,
8,Y,N,
2019-090-9,N,,Immuno
2019-075-5,,,
1,Y,N,
2,Y,N,
3,Y,N,
4,Y,N,
5,Y,N,
6,Y,N,
7,Y,N,
8,Y,N,
9,Y,N,
10,Y,N,
11,Y,N,
12,Y,N,
2019-075-6,,,
1,Y,N,
2,Y,N,
3,Y,N,
4,Y,N,
5,Y,N,
6,Y,N,
7,Y,N,
8,Y,N,
2019-090-10,N,,Pentachrome
2019-090-11,N,,Control
2019-092-1,,,
1,Y,N,
2,Y,N,
3,Y,N,
4,Y,N,
2004-0030-08,N,,Pentachrome
2019-021-9,N,,Immuno
2014-056-01,,,
1,Y,Y,
2,Y,Y,
3,Y,Y,
4,Y,Y,
5,Y,Y,
6,Y,Y,
7,Y,Y,
8,Y,Y,
9,Y,Y,
10,Y,Y,
2019-092-3,,,
1,Y,N,
2,Y,N,
3,Y,N,
4,Y,N,
5,Y,N,
6,Y,N,
7,Y,N,
8,Y,N,
2014-056-02,,,
1,Y,Y,
2,Y,Y,
3,Y,Y,
4,Y,Y,
5,Y,Y,
6,Y,Y,
7,Y,Y,
8,Y,Y,
9,Y,Y,
10,Y,Y,
2019-092-4,,,
1,Y,N,
2,Y,N,
3,Y,N,
4,Y,N,
2019-092-2,,,
1,Y,N,
2,Y,N,
3,Y,N,
4,Y,N,
2014-056-03,,,
1,Y,Y,
2,Y,Y,
3,Y,Y,
4,Y,Y,
5,Y,Y,
6,Y,Y,
7,Y,Y,
8,Y,Y,
9,Y,Y,
10,Y,Y,
2019-092-5,,,
1,Y,N,
2,Y,N,
3,Y,N,
4,Y,N,
5,Y,N,
6,Y,N,
7,Y,N,
8,Y,N,
2019-092-6,,,
1,Y,N,
2,Y,N,
3,Y,N,
4,Y,N,
5,Y,N,
6,Y,N,
7,Y,N,
8,Y,N,
2014-056-04,,,
1,Y,Y,
2,Y,Y,
3,Y,Y,
4,Y,Y,
5,Y,Y,
2014-056-05,,,
1,Y,Y,
2,Y,Y,
3,Y,Y,
4,Y,Y,
5,Y,Y,
6,Y,Y,
7,Y,Y,
8,Y,Y,
9,Y,Y,
10,Y,Y,
2019-092-7,N,,Immuno
2000-050-01,,,
1,Y,Y,
2,Y,Y,
3,Y,Y,
4,Y,Y,
5,Y,Y,
6,Y,Y,
7,Y,Y,
8,Y,Y,
9,Y,Y,
10,Y,Y,
11,Y,Y,
12,Y,Y,
13,Y,Y,
14,Y,Y,
15,Y,Y,
2000-050-02,,,
1,Y,Y,
2,Y,Y,
3,Y,Y,
4,Y,Y,
5,Y,N,
6,Y,Y,
2019-092-8,N,,Immuno
2000-050-03,,,
1,Y,N,
2,Y,N,
3,Y,N,
4,Y,N,
5,Y,Y,
6,Y,Y,
7,Y,Y,
8,Y,Y,
9,Y,Y,
10,Y,Y,
11,Y,Y,
12,Y,Y,
2000-050-04,,,
1,Y,Y,
2,Y,Y,
3,Y,Y,
4,Y,Y,
5,Y,Y,
6,Y,Y,
7,Y,Y,
8,Y,Y,
9,Y,Y,
10,Y,Y,
11,Y,Y,
12,Y,Y,
2019-092-10,N,,Control
2019-092-9,N,,Immuno
2019-092-11,N,,Pentachrome
2000-050-06,,,
1,Y,Y,
2,Y,Y,
3,Y,Y,
4,Y,Y,
5,Y,Y,
6,Y,Y,
7,Y,Y,
8,Y,Y,
9,Y,Y,
10,Y,Y,
11,Y,Y,
12,Y,Y,
13,Y,Y,
14,Y,Y,
15,Y,Y,
2000-050-07,,,
1,Y,N,
2,Y,Y,
3,Y,N,
4,Y,N,
5,Y,N,
6,Y,Y,
7,Y,Y,
8,Y,Y,
9,Y,Y,
10,Y,Y,
11,Y,Y,
12,Y,Y,
2000-050-08,,,
1,Y,Y,
2,Y,Y,
3,Y,Y,
4,Y,Y,
5,Y,Y,
6,Y,Y,
7,Y,Y,
8,Y,Y,
9,Y,Y,
2019-093-1,,,
1,Y,N,
2,Y,N,
3,Y,N,
4,Y,N,
5,Y,N,
6,Y,N,
7,Y,N,
8,Y,N,
9,Y,N,
10,Y,N,
11,Y,N,
12,Y,N,
13,Y,N,
14,Y,N,
15,Y,N,
16,Y,N,
17,Y,N,
18,Y,N,
19,Y,N,
20,Y,N,
2000-050-09,,,
1,Y,Y,
2,Y,Y,
3,Y,Y,
4,Y,Y,
5,Y,Y,
6,Y,Y,
7,Y,Y,
8,Y,Y,
9,Y,Y,
2000-050-11,,,
1,Y,N,
2,Y,Y,
3,Y,N,
4,Y,N,
5,Y,Y,
6,Y,Y,
7,Y,Y,
8,Y,Y,
9,Y,Y,
2019-093-2,,,
1,Y,N,
2,Y,N,
3,Y,N,
4,Y,N,
5,Y,N,
6,Y,N,
7,Y,N,
8,Y,N,
9,Y,N,
10,Y,N,
11,Y,N,
12,Y,N,
13,Y,N,
14,Y,N,
15,Y,N,
16,Y,N,
17,Y,N,
18,Y,N,
19,Y,N,
20,Y,N,
2000-050-12,,,
1,Y,N,
2,Y,N,
3,Y,N,
4,Y,N,
5,Y,Y,
6,Y,Y,
7,Y,Y,
8,Y,Y,
9,Y,Y,
10,Y,Y,
11,Y,Y,
12,Y,Y,
2016-0016-01,,,
1,Y,Y,
2,Y,Y,
3,Y,Y,
4,Y,Y,
5,Y,Y,
6,Y,Y,
2016-0016-02,,,
1,Y,Y,
2,Y,Y,
3,Y,Y,
4,Y,Y,
5,Y,Y,
6,Y,Y,
2019-093-3,,,
1,Y,N,
2,Y,N,
3,Y,N,
4,Y,N,
5,Y,N,
6,Y,N,
7,Y,N,
8,Y,N,
9,Y,N,
10,Y,N,
11,Y,N,
12,Y,N,
13,Y,N,
14,Y,N,
15,Y,N,
16,Y,N,
17,Y,N,
18,Y,N,
2016-0016-03,,Poor stain,
1,Y,Y,
2,Y,Y,
3,Y,Y,
4,Y,Y,
5,Y,Y,
6,Y,Y,
2019-093-4,,,
1,Y,N,
2,Y,N,
3,Y,N,
4,Y,N,
5,Y,N,
6,Y,N,
7,Y,N,
8,Y,N,
9,Y,N,
10,Y,N,
11,Y,N,
12,Y,N,
13,Y,N,
14,Y,N,
15,Y,N,
16,Y,N,
17,Y,N,
2016-0016-04,,,
1,Y,Y,
2,Y,Y,
3,Y,Y,
4,Y,Y,
5,Y,Y,
6,Y,Y,
2019-093-5,,,
1,Y,N,
2,Y,N,
3,Y,N,
4,Y,N,
5,Y,N,
6,Y,N,
7,Y,N,
8,Y,N,
9,Y,N,
10,Y,N,
11,Y,N,
12,Y,N,
13,Y,N,
14,Y,N,
15,Y,N,
16,Y,N,
17,Y,N,
18,Y,N,
19,Y,N,
2016-0016-06,,,
1,Y,Y,
2,Y,Y,
3,Y,Y,
4,Y,Y,
5,Y,Y,
6,Y,Y,
2019-093-6,,,
1,Y,N,
2,Y,N,
3,Y,N,
4,Y,N,
5,Y,N,
6,Y,N,
7,Y,N,
8,Y,N,
9,Y,N,
10,Y,N,
11,Y,N,
12,Y,N,
13,Y,N,
14,Y,N,
15,Y,N,
16,Y,N,
17,Y,N,
18,Y,N,
2019-061-001,,,
1,Y,N,
2,Y,N,
3,Y,N,
4,Y,N,
5,Y,N,
6,Y,N,
7,Y,N,
8,Y,N,
9,N,,Poor section
10,N,,Poor section
11,Y,N,
12,Y,N,
2019-093-7,N,,Pentachrome
2019-061-002,,,
1,Y,N,
2,Y,N,
3,Y,N,
4,Y,N,
5,Y,N,
6,Y,N,
7,Y,N,
8,Y,N,
9,N,,Poor section
10,N,,Poor section
11,Y,N,
12,Y,N,
2019-061-03,,,
1,Y,N,
2,Y,N,
3,Y,N,
4,Y,N,
5,Y,N,
6,Y,N,
7,Y,N,
8,Y,N,
9,N,,Poor section
10,N,,Poor section
11,Y,N,
12,Y,N,
2019-093-8,N,,Immuno
2019-061-04,,,
1,Y,N,
2,Y,N,
3,Y,N,
4,Y,N,
5,Y,N,
6,Y,N,
7,Y,N,
8,Y,N,
9,Y,N,
10,Y,N,
11,Y,N,
12,Y,N,
2019-093-9,N,,Immuno
2019-093-10,N,,Immuno
2019-061-05,,,
1,Y,N,
2,Y,N,
3,Y,N,
4,Y,N,
5,Y,N,
6,Y,N,
7,Y,N,
8,Y,N,
9,Y,N,
10,Y,N,
11,Y,N,
12,Y,N,
2019-093-12,N,,Control
2019-093-11,N,,Control
2019-061-06,,,
1,Y,N,
2,Y,N,
3,Y,N,
4,Y,N,
5,Y,N,
6,Y,N,
7,Y,N,
8,Y,N,
9,Y,N,
10,Y,N,
11,Y,N,
12,Y,N,
2019-094-1,,,
1,N,,Poor section
2,Y,N,
3,Y,N,
4,Y,N,
5,Y,N,
6,Y,N,
7,Y,N,
8,Y,N,
9,Y,N,
10,Y,N,
11,Y,N,
12,Y,N,
13,Y,N,
14,Y,N,
15,Y,N,
16,Y,N,
17,Y,N,
18,Y,N,
19,Y,N,
20,Y,N,
2019-056-1,,,
1,Y,N,
2,Y,N,
3,Y,N,
4,Y,N,
5,Y,N,
6,Y,N,
7,Y,N,
8,Y,N,
9,Y,N,
10,Y,N,
2019-056-2,,,
1,Y,N,
2,Y,N,
3,Y,N,
4,Y,N,
5,Y,N,
6,Y,N,
7,Y,N,
8,Y,N,
9,Y,N,
10,Y,N,
2019-094-2,,,
1,Y,N,
2,Y,N,
3,Y,N,
4,Y,N,
5,Y,N,
6,Y,N,
7,Y,N,
8,Y,N,
9,Y,N,
10,Y,N,
11,Y,N,
12,Y,N,
13,Y,N,
14,Y,N,
15,Y,N,
16,Y,N,
2019-056-3,,,
1,Y,N,
2,Y,N,
3,Y,N,
4,Y,N,
5,Y,N,
6,Y,N,
7,Y,N,
8,Y,N,
9,Y,N,
10,Y,N,
2019-094-3,,,
1,Y,N,
2,Y,N,
3,Y,N,
4,Y,N,
5,Y,N,
6,Y,N,
7,Y,N,
8,Y,N,
9,Y,N,
10,Y,N,
11,Y,N,
12,Y,N,
13,Y,N,
14,Y,N,
15,Y,N,
16,Y,N,
2019-056-4,,,
1,Y,N,
2,Y,N,
3,Y,N,
4,Y,N,
5,Y,N,
6,Y,N,
7,Y,N,
8,Y,N,
9,Y,N,
10,Y,N,
2019-056-5,,,
1,Y,N,
2,Y,N,
3,Y,N,
4,Y,N,
5,Y,N,
6,Y,N,
7,Y,N,
8,Y,N,
9,Y,N,
10,Y,N,
2019-094-4,,,
1,Y,N,
2,Y,N,
3,Y,N,
4,Y,N,
5,Y,N,
6,Y,N,
7,Y,N,
8,Y,N,
9,Y,N,
10,Y,N,
11,Y,N,
12,Y,N,
13,Y,N,
14,Y,N,
15,Y,N,
16,Y,N,
17,Y,N,
18,Y,N,
19,Y,N,
20,Y,N,
2019-056-6,,,
1,Y,N,
2,Y,N,
3,Y,N,
4,Y,N,
5,Y,N,
6,Y,N,
7,Y,N,
8,Y,N,
9,Y,N,
10,Y,N,
2019-058-1,,,
1,Y,N,
2,Y,N,
3,Y,N,
4,Y,N,
5,Y,N,
6,Y,N,
7,Y,N,
8,Y,N,
9,Y,N,
10,Y,N,
2019-094-5,,,
1,Y,N,
2,Y,N,
3,Y,N,
4,Y,N,
5,Y,N,
6,Y,N,
7,Y,N,
8,Y,N,
9,Y,N,
10,Y,N,
11,Y,N,
12,Y,N,
13,Y,N,
14,Y,N,
15,Y,N,
16,Y,N,
2019-094-6,,,
1,Y,N,
2,Y,N,
3,Y,N,
4,Y,N,
5,Y,N,
6,Y,N,
7,Y,N,
8,Y,N,
9,Y,N,
10,Y,N,
11,Y,N,
12,Y,N,
13,Y,N,
14,Y,N,
15,Y,N,
16,Y,N,
2019-058-2,,,
1,Y,N,
2,Y,N,
3,Y,N,
4,Y,N,
5,Y,N,
6,Y,N,
7,Y,N,
8,Y,N,
9,Y,N,
10,Y,N,
2019-094-7,N,,Pentachrome
2019-058-3,,,
1,Y,N,
2,Y,N,
3,Y,N,
4,Y,N,
5,Y,N,
6,Y,N,
7,Y,N,
8,Y,N,
9,Y,N,
10,Y,N,
2019-094-8,N,,Immuno
2019-058-4,,,
1,Y,N,
2,Y,N,
3,Y,N,
4,Y,N,
5,Y,N,
6,Y,N,
7,Y,N,
8,Y,N,
9,Y,N,
10,Y,N,
2019-094-9,N,,Immuno
2019-058-5,,,
1,Y,N,
2,Y,N,
3,Y,N,
4,Y,N,
5,Y,N,
6,Y,N,
7,Y,N,
8,Y,N,
9,Y,N,
10,Y,N,
2019-058-6,,,
1,Y,N,
2,Y,N,
3,Y,N,
4,Y,N,
5,Y,N,
6,Y,N,
7,Y,N,
8,Y,N,
9,Y,N,
10,Y,N,
2019-094-10,N,,Immuno
2019-096-1,,,
1,N,,No artery
2,N,,No artery
3,N,,No artery
4,N,,No artery
5,Y,N,
6,Y,N,
7,Y,N,
8,Y,N,
9,Y,N,
10,Y,N,
11,Y,N,
12,Y,N,
2019-062-1,,,
1,Y,N,
2,Y,N,
3,Y,N,
4,Y,N,
5,Y,N,
6,Y,N,
7,Y,N,
8,Y,N,
9,Y,N,
10,Y,N,
2019-062-2,,,
1,Y,N,
2,Y,N,
3,Y,N,
4,Y,N,
5,Y,N,
6,Y,N,
7,Y,N,
8,Y,N,
9,Y,N,
10,Y,N,
2019-096-3,,,
1,N,,No artery
2,Y,N,
3,N,,No artery
4,Y,N,
5,N,,No artery
6,Y,N,
7,Y,N,
8,Y,N,
9,Y,N,
2019-096-2,,,
1,N,,No artery
2,N,,No artery
3,N,,No artery
4,N,,No artery
5,Y,N,
6,Y,N,
7,Y,N,
8,Y,N,
9,Y,N,
10,Y,N,
11,Y,N,
12,Y,N,
2019-096-4,,,
1,N,,No artery
2,Y,N,
3,N,,No artery
4,Y,N,
5,N,,No artery
6,Y,N,
7,Y,N,
8,Y,N,
9,Y,N,
2019-062-3,,,
1,Y,N,
2,Y,N,
3,Y,N,
4,Y,N,
5,Y,N,
6,Y,N,
7,Y,N,
8,Y,N,
9,Y,N,
10,Y,N,
2019-062-4,,,
1,Y,N,
2,Y,N,
3,Y,N,
4,Y,N,
5,Y,N,
6,Y,N,
7,Y,N,
8,Y,N,
9,Y,N,
10,Y,N,
2019-096-5,,,
1,N,,No artery
2,N,,No artery
3,N,,No artery
4,Y,N,
5,Y,N,
6,Y,N,
7,Y,N,
8,Y,N,
9,Y,N,
2019-062-5,,,
1,Y,N,
2,Y,N,
3,Y,N,
4,Y,N,
5,N,,Poor section
6,N,,Poor section
7,Y,N,
8,Y,N,
9,Y,N,
10,Y,N,
2019-096-7,N,,Control
2019-096-6,,,
1,N,,No artery
2,N,,No artery
3,Y,N,
4,Y,N,
5,N,,No artery
6,Y,N,
7,Y,N,
8,Y,N,
9,Y,N,
2019-062-6,,,
1,Y,N,
2,Y,N,
3,Y,N,
4,Y,N,
5,N,,Poor section
6,N,,Poor section
7,Y,N,
8,Y,N,
9,Y,N,
10,Y,N,
2019-063-2,,,
1,Y,N,
2,Y,N,
3,Y,N,
4,Y,N,
5,Y,N,
6,Y,N,
7,Y,N,
8,Y,N,
2019-063-1,,,
1,Y,N,
2,Y,N,
3,Y,N,
4,Y,N,
5,Y,N,
6,Y,N,
7,Y,N,
8,Y,N,
2019-096-9,N,,Control
2019-063-3,,,
1,Y,N,
2,Y,N,
3,Y,N,
4,Y,N,
5,Y,N,
6,Y,N,
7,Y,N,
8,Y,N,
2019-096-11,N,,Control
2019-096-10,N,,Immuno
2019-063-4,,,
1,Y,N,
2,Y,N,
3,Y,N,
4,Y,N,
5,Y,N,
6,Y,N,
7,Y,N,
8,Y,N,
2019-096-12,N,,Immuno
2019-096-13,N,,Immuno
2019-063-6,,,
1,Y,N,
2,N,,Poor section
3,Y,N,
4,Y,N,
5,Y,N,
6,Y,N,
7,Y,N,
8,Y,N,
2019-063-5,,,
1,Y,N,
2,Y,N,
3,Y,N,
4,Y,N,
5,Y,N,
6,Y,N,
7,Y,N,
8,Y,N,
2019-097-1,,,
1,Y,N,
2,Y,N,
3,Y,N,
4,Y,N,
5,Y,N,
6,Y,N,
7,Y,N,
8,Y,N,
9,Y,N,
10,Y,N,
11,Y,N,
12,Y,N,
2019-097-2,,,
1,Y,N,
2,Y,N,
3,Y,N,
4,Y,N,
5,Y,N,
6,Y,N,
7,Y,N,
8,Y,N,
9,Y,N,
10,Y,N,
11,Y,N,
12,Y,N,
2019-064-1,,,
1,Y,N,
2,Y,N,
3,Y,N,
4,Y,N,
5,Y,N,
6,Y,N,
7,Y,N,
8,Y,N,
9,Y,N,
10,Y,N,
2019-064-2,,,
1,Y,N,
2,Y,N,
3,Y,N,
4,Y,N,
5,Y,N,
6,Y,N,
7,Y,N,
8,Y,N,
9,Y,N,
10,Y,N,
2019-097-3,,,
1,Y,N,
2,Y,N,
3,Y,N,
4,Y,N,
5,Y,N,
6,Y,N,
7,Y,N,
8,Y,N,
9,Y,N,
10,Y,N,
11,Y,N,
12,Y,N,
2019-097-5,,,
1,Y,N,
2,Y,N,
3,Y,N,
4,Y,N,
5,Y,N,
6,Y,N,
7,Y,N,
8,Y,N,
9,Y,N,
10,Y,N,
11,Y,N,
12,Y,N,
2019-097-4,,,
1,Y,N,
2,Y,N,
3,Y,N,
4,Y,N,
5,Y,N,
6,Y,N,
7,Y,N,
8,Y,N,
9,Y,N,
10,Y,N,
11,Y,N,
12,Y,N,
2019-097-6,,,
1,Y,N,
2,Y,N,
3,Y,N,
4,Y,N,
5,Y,N,
6,Y,N,
2019-097-8,N,,Control
2019-064-4,,,
1,Y,N,
2,Y,N,
3,Y,N,
4,Y,N,
5,Y,N,
6,Y,N,
7,Y,N,
8,Y,N,
9,Y,N,
10,Y,N,
2019-097-7,N,,Pentachrome
2019-097-9,N,,Immuno
2019-064-5,,,
1,Y,N,
2,Y,N,
3,Y,N,
4,Y,N,
5,Y,N,
6,Y,N,
7,Y,N,
8,Y,N,
9,Y,N,
10,Y,N,
2019-064-6,,,
1,Y,N,
2,Y,N,
3,Y,N,
4,Y,N,
5,Y,N,
6,Y,N,
7,Y,N,
8,Y,N,
9,Y,N,
10,Y,N,
2019-097-10,N,,Control
2019-097-11,N,,Immuno
2019-065-1,,,
1,Y,N,
2,Y,N,
3,Y,N,
4,Y,N,
5,Y,N,
6,Y,N,
7,Y,N,
8,Y,N,
9,Y,N,
10,Y,N,
2019-065-2,,,
1,Y,N,
2,Y,N,
3,Y,N,
4,Y,N,
5,Y,N,
6,Y,N,
7,Y,N,
8,Y,N,
9,Y,N,
10,Y,N,
2019-085-4,,,
1,Y,N,
2,Y,N,
3,Y,N,
4,Y,N,
5,Y,N,
6,Y,N,
7,Y,N,
8,Y,N,
9,Y,N,
2019-085-7,N,,Pentachrome
2019-065-3,,,
1,Y,N,
2,Y,N,
3,Y,N,
4,Y,N,
5,Y,N,
6,Y,N,
7,Y,N,
8,Y,N,
9,Y,N,
10,Y,N,
2019-085-6,,,
1,Y,N,
2,Y,N,
3,Y,N,
4,Y,N,
5,Y,N,
6,Y,N,
7,Y,N,
8,Y,N,
9,Y,N,
2019-085-8,N,,Control
2019-065-5,,,
1,Y,N,
2,Y,N,
3,Y,N,
4,Y,N,
5,Y,N,
6,Y,N,
7,Y,N,
8,Y,N,
9,Y,N,
10,Y,N,
2019-065-4,,,
1,Y,N,
2,Y,N,
3,Y,N,
4,Y,N,
5,Y,N,
6,Y,N,
7,Y,N,
8,Y,N,
9,Y,N,
10,Y,N,
2019-085-9,N,,Immuno
2019-085-10,N,,Immuno
2019-066-1,,,
1,Y,N,
2,Y,N,
3,Y,N,
4,Y,N,
5,Y,N,
6,Y,N,
7,Y,N,
8,Y,N,
9,Y,N,
10,Y,N,
11,Y,N,
12,Y,N,
2019-065-6,,,
1,Y,N,
2,Y,N,
3,Y,N,
4,Y,N,
5,Y,N,
6,Y,N,
7,Y,N,
8,Y,N,
9,Y,N,
10,Y,N,
2019-085-11,N,,Immuno
2019-066-3,,,
1,Y,N,
2,Y,N,
3,Y,N,
4,Y,N,
5,Y,N,
6,Y,N,
7,Y,N,
8,Y,N,
9,Y,N,
10,Y,N,
11,Y,N,
12,Y,N,
2019-066-2,,,
1,Y,N,
2,Y,N,
3,Y,N,
4,Y,N,
5,Y,N,
6,Y,N,
7,Y,N,
8,Y,N,
2019-085-2,,,
1,Y,N,
2,Y,N,
3,Y,N,
4,Y,N,
5,Y,N,
6,Y,N,
7,Y,N,
8,Y,N,
9,Y,N,
2019-085-5,,,
1,Y,N,
2,Y,N,
3,Y,N,
4,Y,N,
5,Y,N,
6,Y,N,
7,Y,N,
8,Y,N,
9,Y,N,
2019-085-3,,,
1,Y,N,
2,Y,N,
3,Y,N,
4,Y,N,
5,Y,N,
6,Y,N,
7,Y,N,
8,Y,N,
9,Y,N,
2019-066-4,,,
1,Y,N,
2,Y,N,
3,Y,N,
4,Y,N,
5,Y,N,
6,Y,N,
7,Y,N,
8,Y,N,
9,Y,N,
10,Y,N,
11,Y,N,
12,Y,N,
2019-066-5,,,
1,Y,N,
2,Y,N,
3,Y,N,
4,Y,N,
5,Y,N,
6,Y,N,
7,Y,N,
8,Y,N,
9,Y,N,
10,Y,N,
11,Y,N,
12,Y,N,
2019-085-1,,,
1,Y,N,
2,Y,N,
3,Y,N,
4,Y,N,
5,Y,N,
6,Y,N,
7,Y,N,
8,Y,N,
9,Y,N,
2019-066-6,,,
1,Y,N,
2,Y,N,
3,Y,N,
4,Y,N,
5,Y,N,
6,Y,N,
7,Y,N,
8,Y,N,
9,Y,N,
10,Y,N,
11,Y,N,
12,Y,N,
13,Y,N,
14,Y,N,
15,Y,N,
16,Y,N,
2019-077-2,,,
1,Y,N,
2,Y,N,
3,Y,N,
4,Y,N,
5,Y,N,
6,Y,N,
2019-077-1,,,
1,Y,N,
2,Y,N,
3,Y,N,
4,Y,N,
5,Y,N,
6,Y,N,
2019-077-3,,,
1,Y,N,
2,Y,N,
3,Y,N,
4,Y,N,
5,Y,N,
6,Y,N,
7,Y,N,
8,Y,N,
9,Y,N,
10,Y,N,
11,Y,N,
12,Y,N,
2019-068-1,,,
1,N,,Poor section
2,N,,Poor section
3,N,,Poor section
4,N,,Poor section
5,Y,N,
6,Y,N,
7,Y,N,
8,Y,N,
2019-077-4,,,
1,Y,N,
2,Y,N,
3,Y,N,
4,Y,N,
5,Y,N,
6,Y,N,
2019-068-2,,,
1,N,,Poor section
2,N,,Poor section
3,N,,Poor section
4,N,,Poor section
5,Y,N,
6,Y,N,
7,Y,N,
8,Y,N,
2019-077-6,,,
1,Y,N,
2,Y,N,
3,Y,N,
4,Y,N,
5,Y,N,
6,Y,N,
7,Y,N,
8,Y,N,
9,Y,N,
2019-077-5,,,
1,Y,N,
2,Y,N,
3,Y,N,
4,Y,N,
5,Y,N,
6,Y,N,
2019-077-7,N,,Pentachrome
2019-068-3,,,
1,N,,Poor section
2,N,,Poor section
3,N,,Poor section
4,N,,Poor section
5,Y,N,
6,Y,N,
7,Y,N,
8,Y,N,
2019-068-4,,,
1,N,,Poor section
2,N,,Poor section
3,Y,N,
4,Y,N,
2019-077-8,N,,Control
2019-077-9,N,,Immuno
2019-068-5,,,
1,N,,Poor section
2,N,,Poor section
3,N,,Poor section
4,N,,Poor section
5,Y,N,
6,Y,N,
7,Y,N,
8,Y,N,
2019-077-10,N,,Immuno
2019-068-6,,,
1,N,,Poor section
2,N,,Poor section
3,N,,Poor section
4,N,,Poor section
5,Y,N,
6,Y,N,
7,Y,N,
8,Y,N,
2019-077-11,N,,Immuno
2019-087-2,,,
1,Y,N,
2,Y,N,
3,Y,N,
4,Y,N,
5,Y,N,
6,Y,N,
7,Y,N,
8,Y,N,
9,Y,N,
10,Y,N,
11,Y,N,
12,Y,N,
13,Y,N,
14,Y,N,
15,Y,N,
16,Y,N,
2019-070-1,,,
1,Y,N,
2,Y,N,
3,Y,N,
4,Y,N,
5,Y,N,
6,Y,N,
7,Y,N,
8,Y,N,
2019-070-2,,,
1,Y,N,
2,Y,N,
3,Y,N,
4,Y,N,
5,Y,N,
6,Y,N,
7,Y,N,
8,Y,N,
2019-070-3,,,
1,Y,N,
2,Y,N,
3,Y,N,
4,Y,N,
5,Y,N,
6,Y,N,
7,Y,N,
8,Y,N,
2019-070-4,,,
1,Y,N,
2,Y,N,
3,Y,N,
4,Y,N,
2019-070-6,,,
1,Y,N,
2,Y,N,
3,Y,N,
4,Y,N,
2019-070-5,,,
1,Y,N,
2,Y,N,
3,Y,N,
4,Y,N,
2019-071-1,,,
1,Y,N,
2,Y,N,
3,Y,N,
4,Y,N,
5,Y,N,
6,Y,N,
7,Y,N,
8,Y,N,
9,Y,N,
10,Y,N,
11,Y,N,
12,Y,N,
2019-071-2,,,
1,Y,N,
2,Y,N,
3,Y,N,
4,Y,N,
5,Y,N,
6,Y,N,
7,Y,N,
8,Y,N,
9,Y,N,
10,Y,N,
11,Y,N,
12,Y,N,
2019-071-3,,,
1,Y,N,
2,Y,N,
3,Y,N,
4,Y,N,
5,Y,N,
6,Y,N,
7,Y,N,
8,Y,N,
9,Y,N,
10,Y,N,
11,Y,N,
12,Y,N,
2019-071-4,,,
1,Y,N,
2,Y,N,
3,Y,N,
4,Y,N,
5,Y,N,
6,Y,N,
7,Y,N,
8,Y,N,
9,Y,N,
10,Y,N,
11,Y,N,
12,Y,N,
2019-071-5,,,
1,Y,N,
2,Y,N,
3,Y,N,
4,Y,N,
5,Y,N,
6,Y,N,
7,Y,N,
8,Y,N,
9,Y,N,
10,Y,N,
11,Y,N,
12,Y,N,
2019-071-6,,,
1,Y,N,
2,Y,N,
3,Y,N,
4,Y,N,
5,Y,N,
6,Y,N,
7,Y,N,
8,Y,N,
9,Y,N,
10,Y,N,
11,Y,N,
12,Y,N,
2020-047-01,,,
1,Y,N,
2,Y,N,
3,Y,N,
4,Y,N,
5,Y,N,
6,Y,N,
7,Y,N,
8,Y,N,
9,Y,N,
10,Y,N,
11,Y,N,
12,Y,N,
13,Y,N,
14,Y,N,
15,Y,N,
16,Y,N,
17,Y,N,
18,Y,N,
19,Y,N,
20,Y,N,
2020-047-02,,,
1,Y,N,
2,Y,N,
3,Y,N,
4,Y,N,
5,Y,N,
6,Y,N,
7,Y,N,
8,Y,N,
9,Y,N,
10,Y,N,
11,Y,N,
12,Y,N,
13,Y,N,
14,Y,N,
15,Y,N,
16,Y,N,
17,Y,N,
18,Y,N,
19,Y,N,
20,Y,N,
2020-047-04,,,
1,Y,N,
2,Y,N,
3,Y,N,
4,Y,N,
5,Y,N,
6,Y,N,
7,Y,N,
8,Y,N,
9,Y,N,
10,Y,N,
11,Y,N,
12,Y,N,
13,Y,N,
14,Y,N,
15,Y,N,
16,Y,N,
17,Y,N,
18,Y,N,
19,Y,N,
20,Y,N,
2020-047-03,,,
1,Y,N,
2,Y,N,
3,Y,N,
4,Y,N,
5,Y,N,
6,Y,N,
7,Y,N,
8,Y,N,
9,Y,N,
10,Y,N,
11,Y,N,
12,Y,N,
13,Y,N,
14,Y,N,
15,Y,N,
16,Y,N,
17,Y,N,
18,Y,N,
19,Y,N,
20,Y,N,
2020-047-05,,,
1,Y,N,
2,Y,N,
3,Y,N,
4,Y,N,
5,Y,N,
6,Y,N,
7,Y,N,
8,Y,N,
9,Y,N,
10,Y,N,
11,Y,N,
12,Y,N,
13,Y,N,
14,Y,N,
15,Y,N,
16,Y,N,
17,Y,N,
18,Y,N,
19,Y,N,
20,Y,N,
2020-047-06,,,
1,Y,N,
2,Y,N,
3,Y,N,
4,Y,N,
5,Y,N,
6,Y,N,
7,Y,N,
8,Y,N,
9,Y,N,
10,Y,N,
11,Y,N,
12,Y,N,
13,Y,N,
14,Y,N,
15,Y,N,
16,Y,N,
17,Y,N,
18,Y,N,
19,Y,N,
20,Y,N,
2020-047-07,N,,Pentachrome
2020-047-08,N,,Control
2020-047-09,N,,Immuno
2020-047-10,N,,Immuno
2019-104-1,,,
1,Y,N,
2,Y,N,
3,Y,N,
4,Y,N,
5,Y,N,
6,Y,N,
2019-104-2,,,
1,Y,N,
2,Y,N,
3,Y,N,
4,Y,N,
5,Y,N,
6,Y,N,
7,Y,N,
8,Y,N,
2019-104-4,,,
1,Y,N,
2,Y,N,
3,Y,N,
4,Y,N,
5,Y,N,
6,Y,N,
2019-104-3,,,
1,Y,N,
2,Y,N,
3,Y,N,
4,Y,N,
5,Y,N,
6,Y,N,
7,Y,N,
8,Y,N,
2019-104-5,,,
1,Y,N,
2,Y,N,
3,Y,N,
4,Y,N,
5,Y,N,
6,Y,N,
2019-104-6,,,
1,Y,N,
2,Y,N,
3,Y,N,
4,Y,N,
5,N,,Off slide
6,Y,N,
7,Y,N,
8,Y,N,
9,Y,N,
10,Y,N,
2019-104-7,N,,Pentachrome
2019-104-8,N,,Immuno
2019-104-9,N,,Immuno
2019-104-10,N,,Control
2019-104-11,N,,Immuno
2019-014-1,,,
1,Y,N,
2,Y,N,
3,Y,N,
4,Y,N,
5,Y,N,
6,Y,N,
7,Y,N,
8,Y,N,
9,Y,N,
10,Y,N,
11,Y,N,
12,Y,N,
2019-014-2,,,
1,Y,N,
2,Y,N,
3,Y,N,
4,Y,N,
5,Y,N,
6,Y,N,
7,Y,N,
8,Y,N,
9,Y,N,
10,Y,N,
11,Y,N,
12,Y,N,
2019-014-3,,,
1,Y,N,
2,Y,N,
3,Y,N,
4,Y,N,
5,Y,N,
6,Y,N,
7,Y,N,
8,Y,N,
9,Y,N,
10,Y,N,
11,Y,N,
12,Y,N,
2019-014-4,,,
1,Y,N,
2,Y,N,
3,Y,N,
4,Y,N,
5,Y,N,
6,Y,N,
7,Y,N,
8,Y,N,
9,Y,N,
10,Y,N,
11,Y,N,
12,Y,N,
2019-014-5,,,
1,Y,N,
2,Y,N,
3,Y,N,
4,Y,N,
5,Y,N,
6,Y,N,
7,Y,N,
8,Y,N,
9,Y,N,
10,Y,N,
11,Y,N,
12,Y,N,
2019-014-6,,,
1,Y,N,
2,Y,N,
3,Y,N,
4,Y,N,
5,Y,N,
6,Y,N,
7,Y,N,
8,Y,N,
9,Y,N,
10,Y,N,
11,Y,N,
12,Y,N,
2019-014-9,N,,Pentachrome
2019-014-8,N,,Control
2019-014-7,N,,Immuno
2019-014-10,N,,Immuno
2019-019-1,,,
1,Y,N,
2,Y,N,
3,Y,N,
4,Y,N,
5,N,,Poor section
6,N,,Poor section
7,Y,N,
8,Y,N,
9,Y,N,
10,Y,N,
2019-019-2,,,
1,Y,N,
2,Y,N,
3,Y,N,
4,Y,N,
5,N,,Poor section
6,N,,Poor section
7,Y,N,
8,Y,N,
9,Y,N,
10,Y,N,
2019-019-4,,,
1,Y,N,
2,Y,N,
3,Y,N,
4,Y,N,
5,N,,Poor section
6,N,,Poor section
7,Y,N,
8,Y,N,
9,Y,N,
10,Y,N,
2019-019-5,,,
1,Y,N,
2,Y,N,
3,Y,N,
4,Y,N,
5,N,,Poor section
6,N,,Poor section
7,Y,N,
8,Y,N,
9,Y,N,
10,Y,N,
2019-019-6,N,,Pentachrome
2019-019-8,N,,Immuno
2019-019-9,N,,Immuno
2019-019-10,N,,Immuno
2019-019-11,,,
1,Y,N,
2,Y,N,
3,Y,N,
4,Y,N,
5,N,,Poor section
6,N,,Poor section
7,Y,N,
8,Y,N,
9,Y,N,
10,Y,N,
2019-046-1,,,
1,Y,N,
2,Y,N,
3,Y,N,
4,Y,N,
5,Y,N,
6,Y,N,
7,Y,N,
8,Y,N,
9,Y,N,
10,Y,N,
2019-046-2,,,
1,Y,N,
2,Y,N,
3,Y,N,
4,Y,N,
5,Y,N,
6,Y,N,
7,Y,N,
8,Y,N,
9,Y,N,
10,Y,N,
2019-046-3,,,
1,Y,N,
2,Y,N,
3,Y,N,
4,Y,N,
5,Y,N,
6,Y,N,
7,Y,N,
8,Y,N,
9,Y,N,
10,Y,N,
2019-046-4,,,
1,Y,N,
2,Y,N,
3,Y,N,
4,Y,N,
5,Y,N,
6,Y,N,
7,Y,N,
8,Y,N,
9,Y,N,
10,Y,N,
2019-046-5,,,
1,Y,N,
2,Y,N,
3,Y,N,
4,Y,N,
5,Y,N,
6,Y,N,
7,Y,N,
8,Y,N,
9,Y,N,
10,Y,N,
2019-046-6,,,
1,Y,N,
2,Y,N,
3,Y,N,
4,Y,N,
5,Y,N,
6,Y,N,
7,Y,N,
8,Y,N,
9,Y,N,
10,Y,N,
2019-046-7,N,,Pentachrome
2019-046-9,N,,Immuno
2019-046-8,N,,Control
2019-046-10,N,,Immuno
2019-046-11,N,,Immuno
2019-013-1,,,
1,Y,N,
2,Y,N,
3,Y,N,
4,Y,N,
5,Y,N,
6,Y,N,
7,Y,N,
8,Y,N,
9,N,,Poor section
10,N,,Poor section
11,Y,N,
12,Y,N,
13,Y,N,
14,Y,N,
2019-013-2,,,
1,Y,N,
2,Y,N,
3,Y,N,
4,Y,N,
5,Y,N,
6,Y,N,
7,Y,N,
8,Y,N,
9,N,,Poor section
10,N,,Poor section
11,Y,N,
12,Y,N,
13,Y,N,
14,Y,N,
2019-013-3,,,
1,Y,N,
2,Y,N,
3,Y,N,
4,Y,N,
5,Y,N,
6,Y,N,
7,Y,N,
8,Y,N,
9,N,,Poor section
10,N,,Poor section
11,Y,N,
12,Y,N,
13,Y,N,
14,Y,N,
2019-013-4,,,
1,Y,N,
2,Y,N,
3,Y,N,
4,Y,N,
5,Y,N,
6,Y,N,
7,Y,N,
8,Y,N,
9,N,,Poor section
10,N,,Poor section
11,Y,N,
12,Y,N,
13,Y,N,
14,Y,N,
2019-013-5,,,
1,Y,N,
2,Y,N,
3,Y,N,
4,Y,N,
5,Y,N,
6,Y,N,
7,Y,N,
8,Y,N,
9,N,,Poor section
10,N,,Poor section
11,Y,N,
12,Y,N,
13,Y,N,
14,Y,N,
2019-013-6,,,
1,Y,N,
2,Y,N,
3,Y,N,
4,Y,N,
5,Y,N,
6,Y,N,
7,Y,N,
8,Y,N,
9,N,,Poor section
10,N,,Poor section
11,Y,N,
12,Y,N,
13,Y,N,
14,Y,N,
2019-013-7,N,,Control
2019-013-8,N,,Pentachrome
2019-013-9,N,,Immuno
2019-013-10,N,,Immuno
2019-013-11,N,,Immuno
2019-035-1,,,
1,Y,N,
2,Y,N,
3,Y,N,
4,Y,N,
5,Y,N,
6,Y,N,
7,Y,N,
8,Y,N,
9,Y,N,
10,Y,N,
11,Y,N,
12,Y,N,
13,Y,N,
14,Y,N,
15,Y,N,
16,Y,N,
17,Y,N,
18,Y,N,
19,Y,N,
20,Y,N,
2019-035-2,,,
1,Y,N,
2,Y,N,
3,Y,N,
4,Y,N,
5,Y,N,
6,Y,N,
7,Y,N,
8,Y,N,
9,Y,N,
10,Y,N,
11,Y,N,
12,Y,N,
13,Y,N,
14,Y,N,
15,Y,N,
16,Y,N,
17,Y,N,
18,Y,N,
19,Y,N,
20,Y,N,
2019-035-3,,,
1,Y,N,
2,Y,N,
3,Y,N,
4,Y,N,
5,Y,N,
6,Y,N,
7,Y,N,
8,Y,N,
9,Y,N,
10,Y,N,
11,Y,N,
12,Y,N,
13,Y,N,
14,Y,N,
15,Y,N,
16,Y,N,
17,N,,Off slide
18,Y,N,
19,Y,N,
20,Y,N,
21,Y,N,
22,N,,Off slide
23,Y,N,
24,Y,N,
25,Y,N,
2019-035-4,,,
1,Y,N,
2,Y,N,
3,Y,N,
4,Y,N,
5,Y,N,
6,Y,N,
7,Y,N,
8,Y,N,
9,Y,N,
10,Y,N,
11,Y,N,
12,Y,N,
13,Y,N,
14,Y,N,
15,Y,N,
16,Y,N,
17,Y,N,
18,Y,N,
19,Y,N,
20,Y,N,
21,Y,N,
22,Y,N,
23,Y,N,
24,Y,N,
25,Y,N,
2019-035-5,,,
1,Y,N,
2,Y,N,
3,Y,N,
4,Y,N,
5,Y,N,
6,Y,N,
7,Y,N,
8,Y,N,
9,Y,N,
10,Y,N,
11,Y,N,
12,Y,N,
13,Y,N,
14,Y,N,
15,Y,N,
16,Y,N,
17,Y,N,
18,Y,N,
19,Y,N,
20,Y,N,
2019-035-6,,,
1,Y,N,
2,Y,N,
3,Y,N,
4,Y,N,
5,Y,N,
6,Y,N,
7,Y,N,
8,Y,N,
9,Y,N,
10,Y,N,
11,Y,N,
12,Y,N,
13,Y,N,
14,Y,N,
15,Y,N,
16,Y,N,
17,Y,N,
18,Y,N,
19,Y,N,
20,Y,N,
2019-035-7,N,,Pentachrome
2019-035-8,N,,Immuno
2019-035-9,N,,Immuno
2019-035-10,N,,Control
2019-035-11,N,,Immuno
2019-012-1,,,
1,Y,N,
2,Y,N,
3,Y,N,
4,Y,N,
5,Y,N,
6,Y,N,
7,Y,N,
8,Y,N,
9,Y,N,
10,Y,N,
2019-012-2,,,
1,Y,N,
2,Y,N,
3,Y,N,
4,Y,N,
5,Y,N,
6,Y,N,
7,Y,N,
8,Y,N,
9,Y,N,
10,Y,N,
2019-012-3,,,
1,Y,N,
2,Y,N,
3,Y,N,
4,Y,N,
5,Y,N,
6,Y,N,
7,Y,N,
8,Y,N,
9,Y,N,
10,Y,N,
2019-012-4,,,
1,Y,N,
2,Y,N,
3,Y,N,
4,Y,N,
5,Y,N,
6,Y,N,
7,Y,N,
8,Y,N,
9,Y,N,
10,Y,N,
2019-012-5,,,
1,Y,N,
2,Y,N,
3,Y,N,
4,Y,N,
5,Y,N,
6,Y,N,
7,Y,N,
8,Y,N,
9,Y,N,
10,Y,N,
2019-016-1,,,
1,Y,N,
2,Y,N,
3,Y,N,
4,Y,N,
5,Y,N,
6,Y,N,
7,Y,N,
8,Y,N,
9,Y,N,
10,Y,N,
11,Y,N,
12,Y,N,
13,Y,N,
14,Y,N,
15,Y,N,
16,Y,N,
17,Y,N,
18,Y,N,
19,Y,N,
20,Y,N,
21,Y,N,
22,Y,N,
23,Y,N,
24,Y,N,
2019-016-2,,,
1,Y,N,
2,Y,N,
3,Y,N,
4,Y,N,
5,Y,N,
6,Y,N,
7,Y,N,
8,Y,N,
9,Y,N,
10,Y,N,
11,Y,N,
12,Y,N,
13,Y,N,
14,Y,N,
15,Y,N,
16,Y,N,
17,Y,N,
18,Y,N,
19,Y,N,
20,Y,N,
21,Y,N,
22,Y,N,
23,Y,N,
24,Y,N,
2019-016-3,,,
1,Y,N,
2,Y,N,
3,Y,N,
4,Y,N,
5,Y,N,
6,Y,N,
7,Y,N,
8,Y,N,
9,Y,N,
10,Y,N,
11,Y,N,
12,Y,N,
13,Y,N,
14,Y,N,
15,Y,N,
16,Y,N,
17,Y,N,
18,Y,N,
2019-016-4,,,
1,Y,N,
2,Y,N,
3,Y,N,
4,Y,N,
5,Y,N,
6,Y,N,
7,Y,N,
8,Y,N,
9,Y,N,
10,Y,N,
11,Y,N,
12,Y,N,
13,Y,N,
14,Y,N,
15,Y,N,
16,Y,N,
17,Y,N,
18,Y,N,
19,Y,N,
20,Y,N,
21,Y,N,
22,Y,N,
23,Y,N,
24,Y,N,
25,Y,N,
26,Y,N,
2019-016-5,,,
1,Y,N,
2,Y,N,
3,Y,N,
4,Y,N,
5,Y,N,
6,Y,N,
7,Y,N,
8,Y,N,
9,Y,N,
10,Y,N,
11,Y,N,
12,Y,N,
13,Y,N,
14,Y,N,
15,Y,N,
16,Y,N,
17,Y,N,
18,Y,N,
19,Y,N,
20,Y,N,
21,Y,N,
22,Y,N,
23,Y,N,
24,Y,N,
2019-016-6,,,
1,Y,N,
2,Y,N,
3,Y,N,
4,Y,N,
5,Y,N,
6,Y,N,
7,Y,N,
8,Y,N,
9,Y,N,
10,Y,N,
11,Y,N,
12,Y,N,
13,Y,N,
14,Y,N,
15,Y,N,
16,N,,Off slide
17,Y,N,
18,Y,N,
19,Y,N,
20,Y,N,
21,N,,Off slide
22,Y,N,
23,Y,N,
24,Y,N,
25,Y,N,
26,N,,Off slide
27,Y,N,
28,Y,N,
29,Y,N,
30,Y,N,
2019-016-7,N,,Pentachrome
2019-016-9,N,,Immuno
2019-016-8,N,,Immuno
2019-016-10,N,,Immuno
2019-016-11,N,,Control
2019-016-12,N,,Control
2019-016-13,N,,Control
2019-017-1,,,
1,Y,N,
2,Y,N,
3,Y,N,
4,Y,N,
5,Y,N,
6,Y,N,
7,Y,N,
8,Y,N,
9,Y,N,
10,Y,N,
11,Y,N,
12,Y,N,
13,Y,N,
14,Y,N,
15,Y,N,
16,Y,N,
17,Y,N,
18,Y,N,
19,Y,N,
20,Y,N,
2019-017-2,,,
1,Y,N,
2,Y,N,
3,Y,N,
4,Y,N,
5,Y,N,
6,Y,N,
7,Y,N,
8,Y,N,
9,Y,N,
10,Y,N,
11,Y,N,
12,Y,N,
13,Y,N,
14,Y,N,
15,Y,N,
16,Y,N,
17,Y,N,
18,Y,N,
19,Y,N,
20,Y,N,
2019-017-3,,,
1,Y,N,
2,Y,N,
3,Y,N,
4,Y,N,
5,Y,N,
6,Y,N,
7,Y,N,
8,Y,N,
9,Y,N,
10,Y,N,
11,Y,N,
12,Y,N,
13,Y,N,
14,Y,N,
15,Y,N,
2019-017-5,,,
1,Y,N,
2,Y,N,
3,Y,N,
4,Y,N,
5,Y,N,
6,Y,N,
7,Y,N,
8,Y,N,
9,Y,N,
10,Y,N,
11,Y,N,
12,Y,N,
13,Y,N,
14,Y,N,
15,Y,N,
2019-017-4,,,
1,Y,N,
2,Y,N,
3,Y,N,
4,Y,N,
5,Y,N,
6,Y,N,
7,Y,N,
8,Y,N,
9,Y,N,
10,Y,N,
11,Y,N,
12,Y,N,
13,Y,N,
14,Y,N,
15,Y,N,
2019-017-6,,,
1,Y,N,
2,Y,N,
3,Y,N,
4,Y,N,
5,Y,N,
6,Y,N,
7,Y,N,
8,Y,N,
9,Y,N,
10,Y,N,
11,Y,N,
12,Y,N,
13,Y,N,
14,Y,N,
15,Y,N,
2019-017-7,N,,Immuno
2019-017-8,N,,Immuno
2019-017-10,N,,Pentachrome
2019-017-11,N,,Control
2019-018-1,,,
1,Y,N,
2,Y,N,
3,Y,N,
4,Y,N,
2019-018-2,,,
1,Y,N,
2,Y,N,
3,Y,N,
4,Y,N,
2019-018-3,,,
1,Y,N,
2,Y,N,
3,Y,N,
4,Y,N,
2019-018-4,,,
1,Y,N,
2,Y,N,
3,Y,N,
4,Y,N,
2019-018-5,,,
1,Y,N,
2,Y,N,
3,Y,N,
4,Y,N,
2019-018-6,,,
1,Y,N,
2,Y,N,
3,Y,N,
2019-018-7,N,,Immuno
2019-018-8,N,,Immuno
2019-018-9,N,,Immuno
2019-018-10,N,,Pentachrome
2019-027-9,N,,Immuno
2019-024-5,,,
1,Y,N,
2,Y,N,
3,Y,N,
4,Y,N,
5,Y,N,
6,Y,N,
7,Y,N,
8,Y,N,
9,Y,N,
10,Y,N,
2019-025-6,,,
1,Y,N,
2,Y,N,
3,N,,Poor section
4,N,,Poor section
5,Y,N,
6,Y,N,
7,Y,N,
8,Y,N,
9,Y,N,
10,Y,N,
11,N,,Poor section
12,N,,Poor section
13,Y,N,
14,Y,N,
2019-031-4,,,
1,Y,N,
2,Y,N,
3,Y,N,
4,Y,N,
5,Y,N,
6,Y,N,
2019-021-1,,,
1,N,,Poor section
2,N,,Poor section
3,N,,Poor section
4,N,,Poor section
5,Y,N,
6,Y,N,
7,N,,Poor section
8,N,,Poor section
9,Y,N,
10,Y,N,
2019-030-9,N,,Immuno
2019-030-10,N,,Control
2019-030-12,N,,Control
2019-012-6,,,
1,Y,N,
2,Y,N,
3,Y,N,
4,Y,N,
5,Y,N,
6,Y,N,
7,Y,N,
8,Y,N,
9,Y,N,
10,Y,N,
2019-030-11,N,,Immuno
2019-012-7,N,,Pentachrome
2019-030-13,N,,Immuno
2019-030-14,N,,Immuno
2019-012-8,N,,Pentachrome
2019-012-9,N,,Immuno
2019-012-10,N,,Immuno
2019-026-1,,,
1,Y,N,
2,Y,N,
3,Y,N,
4,Y,N,
5,Y,N,
6,Y,N,
7,N,,Poor section
8,N,,Poor section
9,N,,Poor section
10,N,,Poor section
11,Y,N,
12,Y,N,
13,Y,N,
14,Y,N,
2019-012-11,N,Immuno,
2019-026-2,,,
1,Y,N,
2,Y,N,
3,Y,N,
4,Y,N,
5,Y,N,
6,Y,N,
7,N,,Poor section
8,N,,Poor section
9,N,,Poor section
10,N,,Poor section
11,Y,N,
12,Y,N,
13,Y,N,
14,Y,N,
2019-026-3,,,
1,Y,N,
2,Y,N,
3,Y,N,
4,Y,N,
5,Y,N,
6,Y,N,
7,N,,Poor section
8,N,,Poor section
9,N,,Poor section
10,N,,Poor section
11,Y,N,
12,Y,N,
13,Y,N,
14,Y,N,
2019-034-1,,,
1,Y,N,
2,Y,N,
3,Y,N,
4,Y,N,
5,Y,N,
6,Y,N,
7,Y,N,
8,Y,N,
9,Y,N,
10,Y,N,
2019-034-2,,,
1,Y,N,
2,Y,N,
3,Y,N,
4,Y,N,
5,Y,N,
6,Y,N,
7,Y,N,
8,Y,N,
9,Y,N,
10,Y,N,
2019-034-3,,,
1,Y,N,
2,Y,N,
3,Y,N,
4,Y,N,
5,Y,N,
6,Y,N,
7,Y,N,
8,Y,N,
9,Y,N,
10,Y,N,
2019-026-4,,,
1,Y,N,
2,Y,N,
3,Y,N,
4,Y,N,
5,Y,N,
6,Y,N,
7,Y,N,
8,Y,N,
9,N,,Poor section
10,N,,Poor section
11,Y,N,
12,Y,N,
13,Y,N,
14,Y,N,
2019-026-5,,,
1,Y,N,
2,Y,N,
3,Y,N,
4,Y,N,
5,Y,N,
6,Y,N,
7,Y,N,
8,Y,N,
9,N,,Poor section
10,N,,Poor section
11,Y,N,
12,Y,N,
13,Y,N,
14,Y,N,
2019-034-5,,,
1,Y,N,
2,Y,N,
3,Y,N,
4,Y,N,
5,Y,N,
6,Y,N,
7,Y,N,
8,Y,N,
9,Y,N,
10,Y,N,
2019-034-4,,,
1,Y,N,
2,Y,N,
3,Y,N,
4,Y,N,
5,Y,N,
6,Y,N,
7,Y,N,
8,Y,N,
9,Y,N,
10,Y,N,
2019-034-6,,,
1,Y,N,
2,Y,N,
3,Y,N,
4,Y,N,
5,Y,N,
6,Y,N,
7,Y,N,
8,Y,N,
9,Y,N,
10,Y,N,
2019-026-6,,,
1,Y,N,
2,Y,N,
3,Y,N,
4,Y,N,
5,Y,N,
6,Y,N,
7,Y,N,
8,Y,N,
9,N,,Poor section
10,N,,Poor section
11,Y,N,
12,Y,N,
13,Y,N,
14,Y,N,
2019-026-7,N,,Pentachrome
2019-034-7,N,,Pentachrome
2019-034-8,N,,Control
2019-026-8,N,,Control
2019-034-9,N,,Immuno
2019-026-9,N,,Immuno
2019-034-10,N,,Immuno
2019-026-10,N,,Immuno
2019-034-11,N,,Immuno
2019-026-11,N,,Immuno
2019-006-1,,,
1,Y,N,
2,Y,N,
3,Y,N,
4,Y,N,
5,Y,N,
6,Y,N,
7,Y,N,
8,Y,N,
2019-027-1,,,
1,Y,N,
2,Y,N,
3,Y,N,
4,Y,N,
5,Y,N,
6,Y,N,
7,Y,N,
8,Y,N,
9,Y,N,
10,Y,N,
11,Y,N,
12,Y,N,
2019-006-2,,,
1,Y,N,
2,Y,N,
3,Y,N,
4,Y,N,
5,Y,N,
6,Y,N,
2019-006-3,,,
1,Y,N,
2,Y,N,
3,Y,N,
4,Y,N,
5,Y,N,
6,Y,N,
7,Y,N,
8,Y,N,
2019-027-2,,,
1,Y,N,
2,Y,N,
3,Y,N,
4,Y,N,
5,Y,N,
6,Y,N,
7,Y,N,
8,Y,N,
9,Y,N,
10,Y,N,
11,Y,N,
12,Y,N,
2019-006-4,,,
1,Y,N,
2,Y,N,
3,Y,N,
4,Y,N,
5,Y,N,
6,Y,N,
7,Y,N,
8,Y,N,
2019-027-3,,,
1,N,,Poor section
2,Y,N,
3,Y,N,
4,Y,N,
5,Y,N,
6,Y,N,
7,Y,N,
8,Y,N,
9,Y,N,
10,Y,N,
11,Y,N,
12,Y,N,
2019-006-5,,,
1,N,,Poor section
2,Y,N,
3,Y,N,
4,Y,N,
5,Y,N,
6,Y,N,
7,Y,N,
8,Y,N,
2019-006-6,,,
1,N,,Off slide
2,Y,N,
3,Y,N,
4,Y,N,
5,Y,N,
6,Y,N,
7,Y,N,
8,Y,N,
9,Y,N,
10,Y,N,
2019-006-7,N,,Immuno
2019-027-4,,,
1,Y,N,
2,Y,N,
3,Y,N,
4,Y,N,
5,Y,N,
6,Y,N,
7,Y,N,
8,Y,N,
9,Y,N,
10,Y,N,
11,Y,N,
12,Y,N,
2019-006-8,N,,Immuno
2019-027-5,,,
1,Y,N,
2,Y,N,
3,Y,N,
4,Y,N,
5,Y,N,
6,Y,N,
7,Y,N,
8,Y,N,
9,Y,N,
10,Y,N,
11,Y,N,
12,Y,N,
2019-006-9,N,,Immuno
2019-027-6,,,
1,Y,N,
2,Y,N,
3,Y,N,
4,Y,N,
5,Y,N,
6,Y,N,
7,Y,N,
8,Y,N,
9,Y,N,
10,Y,N,
11,Y,N,
12,Y,N,
2019-006-12,Y,N,
2019-006-10,N,,Pentachrome
2019-027-7,N,,Control
2019-006-11,,,
1,Y,N,
2,Y,N,
2019-107-1,,,
1,Y,N,
2,Y,N,
3,Y,N,
4,Y,N,
5,Y,N,
6,Y,N,
7,Y,N,
8,Y,N,
9,Y,N,
10,Y,N,
11,Y,N,
12,Y,N,
13,Y,N,
14,Y,N,
2019-027-8,N,,Pentachrome
2019-107-2,,,
1,Y,N,
2,Y,N,
3,Y,N,
4,Y,N,
5,Y,N,
6,Y,N,
7,Y,N,
8,Y,N,
9,Y,N,
10,Y,N,
11,Y,N,
12,Y,N,
13,Y,N,
14,Y,N,
2019-027-10,N,,Immuno
2019-027-11,N,,Immuno
2019-107-3,,,
1,Y,N,
2,Y,N,
3,Y,N,
4,Y,N,
5,Y,N,
6,Y,N,
7,Y,N,
8,Y,N,
9,Y,N,
10,Y,N,
11,Y,N,
12,Y,N,
13,Y,N,
14,Y,N,
2019-031-1,,,
1,Y,N,
2,Y,N,
3,Y,N,
4,Y,N,
5,Y,N,
6,Y,N,
7,Y,N,
8,Y,N,
9,N,,Poor section
10,N,,Poor section
11,Y,N,
12,Y,N,
2019-107-4,,,
1,Y,N,
2,Y,N,
3,Y,N,
4,Y,N,
5,Y,N,
6,Y,N,
7,Y,N,
8,Y,N,
9,Y,N,
10,Y,N,
11,Y,N,
12,Y,N,
13,Y,N,
14,Y,N,
2019-107-5,,,
1,Y,N,
2,Y,N,
3,Y,N,
4,Y,N,
5,Y,N,
6,Y,N,
7,Y,N,
2019-107-6,,,
1,Y,N,
2,Y,N,
3,Y,N,
4,Y,N,
5,Y,N,
6,Y,N,
7,Y,N,
8,Y,N,
9,Y,N,
10,Y,N,
11,Y,N,
12,Y,N,
13,Y,N,
14,Y,N,
2019-031-2,,,
1,Y,N,
2,Y,N,
3,Y,N,
4,Y,N,
5,N,,Poor section
6,Y,N,
2019-107-7,N,,Pentachrome
2019-031-3,,,
1,Y,N,
2,Y,N,
3,Y,N,
4,Y,N,
5,Y,N,
6,Y,N,
7,Y,N,
8,Y,N,
9,N,,Poor section
10,N,,Poor section
11,Y,N,
12,Y,N,
2019-031-5,,,
1,Y,N,
2,Y,N,
3,Y,N,
4,Y,N,
5,Y,N,
6,Y,N,
2019-107-8,N,,Immuno
2019-107-9,N,,Immuno
2019-031-6,N,,Pentachrome
2019-107-11,N,,Control
2019-031-7,,,
1,Y,N,
2,Y,N,
3,Y,N,
4,Y,N,
5,Y,N,
6,Y,N,
7,Y,N,
8,Y,N,
9,Y,N,
10,Y,N,
11,Y,N,
12,Y,N,
2019-107-10,N,,Immuno
2019-031-9,N,,Immuno
2019-004-1,,,
1,Y,N,
2,Y,N,
3,Y,N,
4,Y,N,
5,Y,N,
6,Y,N,
7,Y,N,
8,Y,N,
2019-031-8,N,,Pentachrome
2019-031-10,N,,Immuno
2019-004-2,,,
1,Y,N,
2,Y,N,
3,Y,N,
4,Y,N,
5,Y,N,
6,Y,N,
7,Y,N,
8,Y,N,
9,Y,N,
10,Y,N,
11,Y,N,
12,Y,N,
2019-031-11,N,,Immuno
2019-004-3,,,
1,Y,N,
2,Y,N,
3,Y,N,
4,Y,N,
5,Y,N,
6,Y,N,
7,Y,N,
8,Y,N,
2019-021-2,,,
1,N,,Poor section
2,N,,Poor section
3,N,,Poor section
4,N,,Poor section
5,Y,N,
6,Y,N,
7,N,,Poor section
8,N,,Poor section
9,Y,N,
10,Y,N,
2019-004-4,,,
1,Y,N,
2,Y,N,
3,N,,Poor section
4,Y,N,
5,Y,N,
6,Y,N,
7,Y,N,
2019-021-3,,,
1,N,,
2,N,,
3,N,,
4,N,,
5,Y,N,
6,Y,N,
7,Y,N,
8,Y,N,
9,Y,N,
10,Y,N,
2019-004-5,,,
1,Y,N,
2,Y,N,
3,Y,N,
4,Y,N,
5,Y,N,
6,Y,N,
7,Y,N,
8,Y,N,
2019-004-6,,,
1,Y,N,
2,Y,N,
3,Y,N,
4,Y,N,
5,Y,N,
6,Y,N,
7,Y,N,
8,Y,N,
2019-004-7,N,,Pentachrome
2019-021-4,,,
1,N,,
2,N,,
3,N,,
4,N,,
5,Y,N,
6,Y,N,
7,Y,N,
8,Y,N,
9,Y,N,
10,Y,N,
2019-004-8,N,,Control
2019-021-5,,,
1,N,,
2,N,,
3,N,,
4,N,,
5,Y,N,
6,Y,N,
7,Y,N,
8,Y,N,
9,Y,N,
10,Y,N,
2019-021-6,,,
1,N,,
2,N,,
3,N,,
4,N,,
5,Y,N,
6,Y,N,
7,Y,N,
8,Y,N,
9,Y,N,
10,Y,N,
2019-004-9,N,,Immuno
2019-004-10,N,,Immuno
2019-004-11,N,,Immuno
2019-021-8,N,,Immuno
2019-105-1,,,
1,N,,Off slide
2,Y,N,
3,Y,N,
4,Y,N,
5,Y,N,
6,Y,N,
7,Y,N,
8,Y,N,
9,Y,N,
10,Y,N,
11,Y,N,
12,Y,N,
13,Y,N,
14,Y,N,
15,Y,N,
16,Y,N,
17,Y,N,
18,Y,N,
2019-105-2,,,
1,Y,N,
2,Y,N,
3,Y,N,
4,Y,N,
5,Y,N,
6,Y,N,
7,Y,N,
8,Y,N,
9,Y,N,
10,Y,N,
11,Y,N,
12,Y,N,
13,N,,Off slide
14,Y,N,
15,Y,N,
16,Y,N,
17,Y,N,
18,Y,N,
19,Y,N,
20,Y,N,
21,Y,N,
22,Y,N,
23,Y,N,
24,Y,N,
2019-023-1,,,
1,Y,N,
2,Y,N,
3,Y,N,
4,Y,N,
5,N,,
6,N,,
7,Y,N,
8,Y,N,
9,Y,N,
10,Y,N,
2019-023-2,,,
1,Y,N,
2,Y,N,
3,Y,N,
4,Y,N,
5,N,,
6,N,,
7,Y,N,
8,Y,N,
9,Y,N,
10,Y,N,
2019-105-3,,,
1,Y,N,
2,Y,N,
3,Y,N,
4,Y,N,
5,Y,N,
6,Y,N,
7,Y,N,
8,Y,N,
9,Y,N,
10,Y,N,
11,Y,N,
12,Y,N,
13,Y,N,
14,Y,N,
15,Y,N,
16,Y,N,
17,Y,N,
18,Y,N,
19,Y,N,
20,Y,N,
21,Y,N,
22,Y,N,
23,Y,N,
24,Y,N,
25,Y,N,
26,Y,N,
27,Y,N,
28,Y,N,
29,Y,N,
30,Y,N,
31,Y,N,
32,Y,N,
2019-023-3,,,
1,Y,N,
2,Y,N,
3,Y,N,
4,Y,N,
5,N,,
6,N,,
7,Y,N,
8,Y,N,
9,Y,N,
10,Y,N,
2019-105-4,,,
1,Y,N,
2,Y,N,
3,Y,N,
4,Y,N,
5,Y,N,
6,Y,N,
7,Y,N,
8,Y,N,
9,Y,N,
10,Y,N,
11,Y,N,
12,Y,N,
13,Y,N,
14,Y,N,
15,Y,N,
16,Y,N,
17,Y,N,
18,Y,N,
19,Y,N,
20,Y,N,
21,Y,N,
22,Y,N,
23,Y,N,
24,Y,N,
25,Y,N,
26,Y,N,
27,Y,N,
28,Y,N,
2019-023-4,,,
1,Y,N,
2,Y,N,
3,Y,N,
4,Y,N,
5,N,,
6,N,,
7,Y,N,
8,Y,N,
9,Y,N,
10,Y,N,
2019-105-5,,,
1,Y,N,
2,Y,N,
3,Y,N,
4,Y,N,
5,Y,N,
6,Y,N,
7,Y,N,
8,Y,N,
9,Y,N,
10,Y,N,
11,Y,N,
12,Y,N,
13,Y,N,
14,Y,N,
15,Y,N,
16,Y,N,
17,Y,N,
18,Y,N,
19,Y,N,
20,Y,N,
21,Y,N,
22,Y,N,
23,Y,N,
24,Y,N,
25,Y,N,
26,Y,N,
27,Y,N,
28,Y,N,
2019-023-5,,,
1,Y,N,
2,Y,N,
3,Y,N,
4,Y,N,
5,N,,
6,N,,
7,Y,N,
8,Y,N,
9,Y,N,
10,Y,N,
2019-023-6,,,
1,N,,Out of focus
2,Y,N,
3,Y,N,
4,Y,N,
5,N,,
6,N,,
7,Y,N,
8,Y,N,
9,Y,N,
10,Y,N,
2019-023-8,N,,Control
2019-105-7,N,,Pentachrome
2019-105-8,N,,Immuno
2019-023-7,N,,Pentachrome
2019-105-6,,,
1,Y,N,
2,Y,N,
3,Y,N,
4,Y,N,
5,Y,N,
6,Y,N,
7,Y,N,
8,Y,N,
9,Y,N,
10,Y,N,
11,Y,N,
12,Y,N,
13,Y,N,
14,Y,N,
15,Y,N,
16,Y,N,
17,Y,N,
18,Y,N,
19,Y,N,
20,Y,N,
2019-105-9,N,,Immuno
2019-106-1,,,
1,Y,N,
2,Y,N,
3,Y,N,
4,N,,Poor section
5,N,,Poor section
6,N,,Poor section
7,Y,N,
8,Y,N,
9,Y,N,
10,Y,N,
11,Y,N,
12,Y,N,
2019-023-9,N,,Immuno
2019-023-10,N,,Immuno
2019-023-11,N,,Immuno
2019-106-2,,,
1,Y,N,
2,Y,N,
3,Y,N,
4,Y,N,
5,Y,N,
6,Y,N,
7,Y,N,
8,Y,N,
9,Y,N,
10,Y,N,
11,Y,N,
12,Y,N,
2019-106-3,,,
1,Y,N,
2,Y,N,
3,Y,N,
4,Y,N,
5,Y,N,
6,Y,N,
7,Y,N,
8,Y,N,
9,Y,N,
10,Y,N,
11,Y,N,
12,Y,N,
2019-024-1,,,
1,Y,N,
2,Y,N,
3,Y,N,
4,Y,N,
5,Y,N,
6,Y,N,
7,Y,N,
8,Y,N,
9,Y,N,
10,Y,N,
2019-106-4,,,
1,Y,N,
2,Y,N,
3,Y,N,
4,Y,N,
5,Y,N,
6,Y,N,
7,Y,N,
8,Y,N,
9,Y,N,
10,Y,N,
11,Y,N,
12,Y,N,
2019-024-2,,,
1,Y,N,
2,Y,N,
3,Y,N,
4,Y,N,
5,Y,N,
6,Y,N,
7,Y,N,
8,Y,N,
9,Y,N,
10,Y,N,
2019-024-3,,,
1,Y,N,
2,Y,N,
3,Y,N,
4,Y,N,
5,Y,N,
6,Y,N,
7,Y,N,
8,Y,N,
9,Y,N,
10,Y,N,
2019-106-5,,,
1,Y,N,
2,Y,N,
3,Y,N,
4,Y,N,
5,Y,N,
6,Y,N,
7,Y,N,
8,Y,N,
2019-024-4,,,
1,Y,N,
2,Y,N,
3,Y,N,
4,Y,N,
5,Y,N,
6,Y,N,
7,Y,N,
8,Y,N,
9,Y,N,
10,Y,N,
2019-106-7,N,Control,
2019-024-6,,,
1,Y,N,
2,Y,N,
3,Y,N,
4,Y,N,
5,Y,N,
6,Y,N,
7,Y,N,
8,Y,N,
9,Y,N,
10,Y,N,
2019-106-6,,,
1,Y,N,
2,Y,N,
3,Y,N,
4,Y,N,
5,Y,N,
6,Y,N,
7,Y,N,
8,Y,N,
9,Y,N,
10,Y,N,
11,Y,N,
12,Y,N,
2019-024-7,N,,Pentachrome
2019-106-9,N,,Immuno
2019-106-11,N,,Immuno
2019-106-10,N,,Immuno
2019-030-2,,,
1,Y,N,
2,Y,N,
3,Y,N,
4,Y,N,
5,Y,N,
6,Y,N,
7,Y,N,
8,Y,N,
9,Y,N,
10,Y,N,
2019-024-10,N,,Immuno
2019-030-1,,,
1,Y,N,
2,Y,N,
3,Y,N,
4,Y,N,
5,Y,N,
6,Y,N,
7,Y,N,
8,Y,N,
9,Y,N,
10,Y,N,
2019-024-9,N,,Immuno
2019-024-8,N,,Control
2019-030-3,,,
1,Y,N,
2,Y,N,
3,Y,N,
4,Y,N,
5,Y,N,
6,Y,N,
7,Y,N,
8,Y,N,
9,Y,N,
10,Y,N,
11,Y,N,
12,Y,N,
13,Y,N,
14,Y,N,
15,Y,N,
2019-030-4,,,
1,Y,N,
2,Y,N,
3,Y,N,
4,Y,N,
5,Y,N,
6,Y,N,
7,Y,N,
8,Y,N,
9,Y,N,
10,Y,N,
11,Y,N,
12,Y,N,
13,Y,N,
14,Y,N,
15,Y,N,
2019-030-5,,,
1,Y,N,
2,Y,N,
3,N,,Specimen off slide
4,Y,N,
5,Y,N,
6,Y,N,
7,Y,N,
8,Y,N,
9,Y,N,
10,Y,N,
11,Y,N,
12,Y,N,
13,Y,N,
14,Y,N,
15,Y,N,
2019-025-1,,,"Mostly fragments, 4 usable sections x 2"
1,Y,N,
2,Y,N,
3,Y,N,
4,Y,N,
5,Y,N,
6,Y,N,
7,Y,N,
8,Y,N,
2019-025-2,,,"Mostly fragments, 4 usable sections x 2"
1,Y,N,
2,Y,N,
3,Y,N,
4,Y,N,
5,Y,N,
6,Y,N,
7,Y,N,
8,Y,N,
2019-030-3,,,
1,Y,N,
2,Y,N,
3,Y,N,
4,Y,N,
5,Y,N,
6,Y,N,
7,Y,N,
8,Y,N,
9,Y,N,
10,Y,N,
11,Y,N,
12,Y,N,
13,Y,N,
14,Y,N,
15,Y,N,
2019-024-11,N,,Immuno
2019-025-3,,,"Mostly fragments, 4 usable sections x 2"
1,Y,N,
2,Y,N,
3,Y,N,
4,Y,N,
5,Y,N,
6,Y,N,
7,Y,N,
8,Y,N,
2019-030-6,,,
1,Y,N,
2,Y,N,
3,Y,N,
4,Y,N,
5,Y,N,
6,Y,N,
7,Y,N,
8,Y,N,
9,Y,N,
10,Y,N,
11,Y,N,
12,Y,N,
13,Y,N,
14,Y,N,
15,Y,N,
2019-030-7,N,,Control
2019-030-8,N,,Pentachrome
2019-025-9,N,,Immuno
2019-025-5,,,
1,Y,N,
2,Y,N,
3,Y,N,
4,Y,N,
5,Y,N,
6,Y,N,
7,Y,N,
8,Y,N,
9,Y,N,
10,Y,N,
2019-025-8,N,,Control
2019-025-7,N,,Pentachrome
2019-025-4,,,"Mostly fragments, 4 usable sections x 2"
1,Y,N,
2,Y,N,
3,Y,N,
4,Y,N,
5,Y,N,
6,Y,N,
7,Y,N,
8,Y,N,
2019-025-10,N,,Immuno
2019-025-11,N,,Immuno
2020-030-1,,,
1,Y,N,
2,Y,N,
3,Y,N,
4,Y,N,
5,Y,N,
6,Y,N,
7,Y,N,
8,Y,N,
9,Y,N,
10,Y,N,
2020-031-1,,,
1,Y,N,
2,Y,N,
3,Y,N,
4,Y,N,
5,Y,N,
6,Y,N,
7,Y,N,
8,Y,N,
9,Y,N,
10,Y,N,
11,Y,N,
12,Y,N,
2020-031-2,,,
1,Y,N,
2,Y,N,
3,Y,N,
4,Y,N,
5,Y,N,
6,Y,N,
7,Y,N,
8,Y,N,
9,Y,N,
10,Y,N,
11,Y,N,
12,Y,N,
2020-031-3,,,
1,Y,N,
2,Y,N,
3,Y,N,
4,Y,N,
5,Y,N,
6,Y,N,
7,Y,N,
8,Y,N,
9,Y,N,
10,Y,N,
11,Y,N,
12,Y,N,
2020-013-5,,,
1,Y,N,
2,Y,N,
3,Y,N,
4,Y,N,
5,Y,N,
6,Y,N,
7,Y,N,
8,Y,N,
9,Y,N,
10,Y,N,
11,Y,N,
12,Y,N,
13,Y,N,
14,Y,N,
15,Y,N,
16,Y,N,
2020-027-9,,,
1,Y,N,
2,Y,N,
3,Y,N,
4,Y,N,
5,N,,Folded
6,N,,Folded
7,Y,N,
8,N,,Folded
2020-026-2,,,
1,Y,N,
2,Y,N,
3,Y,N,
4,Y,N,
5,N,,Folded
6,N,,Folded
7,Y,N,
8,N,,Folded
2020-026-3,,,
1,Y,N,
2,Y,N,
3,Y,N,
4,Y,N,
5,Y,N,
6,Y,N,
2020-026-4,,,
1,Y,N,
2,Y,N,
3,Y,N,
4,Y,N,
5,Y,N,
6,Y,N,
2020-026-6,N,,Poor section
2020-026-5,,,
1,Y,N,
2,Y,N,
3,Y,N,
4,Y,N,
5,Y,N,
6,Y,N,
7,Y,N,
8,Y,N,
9,Y,N,
2020-026-7,N,,Pentachrome
2020-026-8,N,,Pentachrome
2020-026-9,N,,Immuno
2020-026-10,N,,Immuno
2020-027-1,,,
1,Y,N,
2,Y,N,
3,Y,N,
4,Y,N,
5,Y,N,
6,Y,N,
7,Y,N,
8,Y,N,
9,Y,N,
10,Y,N,
11,Y,N,
12,Y,N,
2020-026-11,N,,Immuno
2020-027-2,,,
1,Y,N,
2,Y,N,
3,Y,N,
4,Y,N,
5,Y,N,
6,Y,N,
7,Y,N,
8,Y,N,
9,Y,N,
10,Y,N,
11,Y,N,
12,Y,N,
2020-008-14,N,,Pentachrome
2020-027-3,,,
1,Y,N,
2,Y,N,
3,Y,N,
4,Y,N,
5,Y,N,
6,Y,N,
7,Y,N,
8,Y,N,
9,Y,N,
10,Y,N,
11,Y,N,
12,Y,N,
2020-020-5,,,
1,Y,N,
2,Y,N,
3,Y,N,
4,Y,N,
5,Y,N,
6,Y,N,
7,Y,N,
8,Y,N,
9,Y,N,
10,Y,N,
11,Y,N,
12,Y,N,
13,Y,N,
14,Y,N,
15,Y,N,
2020-027-4,,,
1,Y,N,
2,Y,N,
3,Y,N,
4,Y,N,
5,Y,N,
6,Y,N,
7,Y,N,
8,Y,N,
9,Y,N,
10,Y,N,
11,Y,N,
12,Y,N,
2020-020-6,,,
1,Y,N,
2,Y,N,
3,Y,N,
4,Y,N,
5,Y,N,
6,Y,N,
7,Y,N,
8,Y,N,
9,Y,N,
10,Y,N,
2020-020-7,N,,Pentachrome
2020-020-8,N,,Pentachrome
2020-027-6,,,
1,Y,N,
2,Y,N,
3,Y,N,
4,Y,N,
5,Y,N,
6,Y,N,
2020-020-9,N,,Immuno
2020-027-8,N,,Control
2020-027-9,N,,Immuno
2020-020-10,N,,Immuno
2020-020-11,N,,Immuno
2019-047-1,,,
1,Y,N,
2,Y,N,
3,Y,N,
4,Y,N,
5,Y,N,
6,N,,Poor section
7,Y,N,
8,Y,N,
9,Y,N,
10,Y,N,
11,Y,N,
12,Y,N,
13,Y,N,
14,N,,Poor section
15,Y,N,
16,Y,N,
2019-047-2,,,
1,Y,N,
2,Y,N,
3,Y,N,
4,Y,N,
5,Y,N,
6,Y,N,
7,Y,N,
8,Y,N,
9,Y,N,
10,Y,N,
11,Y,N,
12,Y,N,
13,Y,N,
14,Y,N,
15,Y,N,
16,Y,N,
17,Y,N,
18,Y,N,
19,Y,N,
20,Y,N,
2020-025-4,,,
1,Y,N,
2,Y,N,
3,Y,N,
4,Y,N,
5,Y,N,
6,Y,N,
7,Y,N,
8,Y,N,
2020-027-10,N,,Immuno
2019-047-3,,,
1,Y,N,
2,Y,N,
3,Y,N,
4,Y,N,
5,Y,N,
6,Y,N,
7,Y,N,
8,Y,N,
9,Y,N,
10,Y,N,
11,Y,N,
12,Y,N,
13,Y,N,
14,Y,N,
15,Y,N,
16,Y,N,
2019-047-4,,,
1,Y,N,
2,Y,N,
3,Y,N,
4,Y,N,
5,Y,N,
6,Y,N,
7,Y,N,
8,Y,N,
2020-027-15,,,
1,Y,N,
2,Y,N,
3,Y,N,
4,Y,N,
5,Y,N,
6,Y,N,
7,Y,N,
8,Y,N,
9,Y,N,
10,Y,N,
11,Y,N,
12,Y,N,
2019-047-5,,,
1,Y,N,
2,Y,N,
3,Y,N,
4,Y,N,
5,Y,N,
6,Y,N,
7,Y,N,
8,Y,N,
9,Y,N,
10,Y,N,
11,Y,N,
12,Y,N,
13,Y,N,
14,Y,N,
15,Y,N,
16,Y,N,
2020-027-17,N,,Pentachrome
2019-047-6,,,
1,Y,N,
2,Y,N,
3,Y,N,
4,Y,N,
5,Y,N,
6,Y,N,
7,Y,N,
8,Y,N,
9,Y,N,
10,Y,N,
11,Y,N,
12,Y,N,
13,Y,N,
14,Y,N,
15,Y,N,
16,Y,N,
2020-006-8,N,,Immuno
2020-006-9,N,,Pentachrome
2019-047-7,N,,Pentachrome
2019-047-8,N,,Control
2020-006-10,N,,Immuno
2019-047-9,N,,Immuno
2020-030-2,,,
1,Y,N,
2,Y,N,
3,Y,N,
4,Y,N,
5,Y,N,
6,Y,N,
7,Y,N,
8,Y,N,
9,Y,N,
10,Y,N,
2019-047-10,N,,Immuno
2020-030-3,,,
1,Y,N,
2,Y,N,
3,Y,N,
4,Y,N,
5,Y,N,
6,Y,N,
7,Y,N,
8,Y,N,
9,Y,N,
10,Y,N,
2019-047-11,N,,Immuno
2020-030-4,,,
1,Y,N,
2,Y,N,
3,Y,N,
4,Y,N,
5,Y,N,
6,Y,N,
7,Y,N,
8,Y,N,
9,Y,N,
10,Y,N,
2019-048-1,,,
1,Y,N,
2,Y,N,
3,Y,N,
4,Y,N,
5,Y,N,
6,Y,N,
7,Y,N,
8,Y,N,
9,Y,N,
10,Y,N,
11,Y,N,
12,Y,N,
13,Y,N,
14,Y,N,
15,Y,N,
16,Y,N,
17,Y,N,
18,Y,N,
19,Y,N,
20,Y,N,
2019-048-2,,,
1,Y,N,
2,Y,N,
3,Y,N,
4,Y,N,
5,Y,N,
6,Y,N,
7,Y,N,
8,Y,N,
9,Y,N,
10,Y,N,
11,Y,N,
12,Y,N,
13,Y,N,
14,Y,N,
15,Y,N,
16,Y,N,
17,Y,N,
18,Y,N,
19,Y,N,
20,Y,N,
2020-030-6,,,
1,Y,N,
2,Y,N,
3,Y,N,
4,Y,N,
5,Y,N,
6,Y,N,
7,Y,N,
8,Y,N,
9,Y,N,
10,Y,N,
2019-048-3,,,
1,Y,N,
2,Y,N,
3,Y,N,
4,Y,N,
5,Y,N,
6,Y,N,
7,Y,N,
8,Y,N,
9,Y,N,
10,Y,N,
11,Y,N,
12,Y,N,
13,Y,N,
14,Y,N,
15,Y,N,
16,Y,N,
17,Y,N,
18,Y,N,
19,Y,N,
20,Y,N,
2020-030-5,,,
1,Y,N,
2,Y,N,
3,Y,N,
4,Y,N,
5,Y,N,
6,Y,N,
7,Y,N,
8,Y,N,
9,Y,N,
10,Y,N,
2019-048-4,,,
1,Y,N,
2,Y,N,
3,Y,N,
4,Y,N,
5,Y,N,
6,Y,N,
7,Y,N,
8,Y,N,
9,Y,N,
10,Y,N,
11,Y,N,
12,Y,N,
13,Y,N,
14,Y,N,
15,Y,N,
16,Y,N,
17,Y,N,
18,Y,N,
19,Y,N,
20,Y,N,
21,Y,N,
22,Y,N,
23,Y,N,
2020-030-7,N,,Pentachrome
2019-048-5,,,
1,Y,N,
2,Y,N,
3,Y,N,
4,Y,N,
5,Y,N,
6,Y,N,
7,Y,N,
8,Y,N,
9,Y,N,
10,Y,N,
11,Y,N,
12,Y,N,
13,Y,N,
14,Y,N,
15,Y,N,
16,Y,N,
17,Y,N,
18,Y,N,
19,Y,N,
20,Y,N,
2020-030-8,N,,Immuno
2019-048-6,,,
1,Y,N,
2,Y,N,
3,Y,N,
4,Y,N,
5,Y,N,
6,Y,N,
7,Y,N,
8,Y,N,
9,Y,N,
10,Y,N,
11,Y,N,
12,Y,N,
13,Y,N,
14,Y,N,
15,Y,N,
2020-030-9,N,,Immuno
2019-048-7,N,,Immuno
2020-030-10,N,,Immuno
2019-054-1,,,
1,Y,N,
2,Y,N,
3,Y,N,
4,Y,N,
5,Y,N,
6,Y,N,
7,Y,N,
8,Y,N,
9,Y,N,
10,Y,N,
11,Y,N,
12,Y,N,
2019-048-9,N,,Immuno
2019-048-8,N,,Immuno
2019-054-2,,,
1,Y,N,
2,Y,N,
3,Y,N,
4,Y,N,
5,Y,N,
6,Y,N,
7,Y,N,
8,Y,N,
9,Y,N,
10,Y,N,
11,Y,N,
12,Y,N,
2019-048-10,N,,Pentachrome
2019-054-3,,,
1,Y,N,
2,Y,N,
3,Y,N,
4,Y,N,
5,Y,N,
6,Y,N,
7,Y,N,
8,Y,N,
9,Y,N,
10,Y,N,
11,Y,N,
12,Y,N,
2019-048-11,N,,Control
2019-022-3,,,
1,Y,N,
2,Y,N,
3,Y,N,
2019-022-2,,,
1,Y,N,
2,Y,N,
3,Y,N,
2019-022-9,N,,Immuno
2019-054-4,,,
1,Y,N,
2,Y,N,
3,Y,N,
4,Y,N,
5,Y,N,
6,Y,N,
7,Y,N,
8,Y,N,
9,Y,N,
10,Y,N,
11,Y,N,
12,Y,N,
2019-022-4,,,
1,Y,N,
2,Y,N,
3,Y,N,
4,Y,N,
5,Y,N,
6,Y,N,
2019-022-5,,,
1,Y,N,
2,Y,N,
3,Y,N,
4,Y,N,
5,Y,N,
6,Y,N,
2019-054-5,,,
1,Y,N,
2,Y,N,
3,Y,N,
4,Y,N,
5,Y,N,
6,Y,N,
7,Y,N,
8,Y,N,
9,Y,N,
10,Y,N,
11,Y,N,
12,Y,N,
2019-022-6,,,
1,Y,N,
2,Y,N,
3,Y,N,
4,Y,N,
5,Y,N,
6,Y,N,
2019-022-7,N,,Control
2019-054-6,N,,Pentachrome
2019-022-8,N,,Pentachrome
2019-054-7,N,,Control
2019-054-8,N,,Immuno
2019-022-10,N,,Immuno
2019-022-11,N,,Immuno
2019-054-9,N,,Immuno
2019-022-1,,,
1,Y,N,
2,Y,N,
3,Y,N,
2019-054-10,N,,Immuno
2020-013-9,N,,Immuno
2020-013-10,N,,Immuno
2019-055-1,,,
1,Y,N,
2,Y,N,
3,Y,N,
4,Y,N,
5,Y,N,
6,Y,N,
7,Y,N,
8,Y,N,
9,Y,N,
10,Y,N,
11,Y,N,
12,Y,N,
2019-055-2,,,
1,Y,N,
2,Y,N,
3,Y,N,
4,Y,N,
5,Y,N,
6,Y,N,
7,Y,N,
8,Y,N,
9,Y,N,
10,Y,N,
11,Y,N,
12,Y,N,
2020-013-11,N,,Immuno
2019-055-3,,,
1,Y,N,
2,Y,N,
3,Y,N,
4,Y,N,
5,Y,N,
6,Y,N,
7,Y,N,
8,Y,N,
9,Y,N,
10,Y,N,
11,Y,N,
12,Y,N,
2020-007-1,,,
1,Y,N,
2,Y,N,
3,Y,N,
4,Y,N,
5,Y,N,
6,Y,N,
7,Y,N,
8,Y,N,
9,Y,N,
10,Y,N,
11,Y,N,
12,Y,N,
2019-055-4,,,
1,Y,N,
2,Y,N,
3,Y,N,
4,Y,N,
5,Y,N,
6,Y,N,
7,Y,N,
8,Y,N,
9,Y,N,
10,Y,N,
11,Y,N,
12,Y,N,
2020-007-2,,,
1,Y,N,
2,Y,N,
3,Y,N,
4,Y,N,
5,Y,N,
6,Y,N,
7,Y,N,
8,Y,N,
9,Y,N,
10,Y,N,
11,Y,N,
12,Y,N,
2019-055-5,,,
1,Y,N,
2,Y,N,
3,Y,N,
4,Y,N,
5,Y,N,
6,Y,N,
7,Y,N,
8,Y,N,
9,Y,N,
10,Y,N,
11,Y,N,
12,Y,N,
2020-007-3,,,
1,Y,N,
2,Y,N,
3,Y,N,
4,Y,N,
5,Y,N,
6,Y,N,
7,Y,N,
8,Y,N,
9,Y,N,
10,Y,N,
11,Y,N,
12,Y,N,
2019-055-6,,,
1,Y,N,
2,Y,N,
3,Y,N,
4,Y,N,
5,Y,N,
6,Y,N,
7,Y,N,
8,Y,N,
9,Y,N,
10,Y,N,
11,Y,N,
12,Y,N,
2020-007-4,,,
1,Y,N,
2,Y,N,
3,Y,N,
4,Y,N,
5,Y,N,
6,Y,N,
7,Y,N,
8,Y,N,
9,Y,N,
10,Y,N,
11,Y,N,
12,Y,N,
2019-055-7,N,,Pentachrome
2020-007-5,,,
1,Y,N,
2,Y,N,
3,Y,N,
4,Y,N,
5,Y,N,
6,Y,N,
7,Y,N,
8,Y,N,
9,Y,N,
10,Y,N,
11,Y,N,
12,Y,N,
2019-055-8,N,,Immuno
2019-055-9,N,,Immuno
2020-007-6,,,
1,Y,N,
2,Y,N,
3,Y,N,
4,Y,N,
5,Y,N,
6,Y,N,
7,Y,N,
8,Y,N,
9,Y,N,
10,Y,N,
11,Y,N,
12,Y,N,
2020-007-7,N,,Control
2020-007-8,N,,Pentachrome
2019-055-10,N,,Immuno
2020-007-10,N,,Immuno
2020-013-1,,,
1,Y,N,
2,Y,N,
3,Y,N,
4,Y,N,
5,Y,N,
6,Y,N,
7,Y,N,
8,Y,N,
9,Y,N,
10,Y,N,
11,Y,N,
12,Y,N,
13,Y,N,
14,Y,N,
15,Y,N,
16,Y,N,
2020-013-2,,,
1,Y,N,
2,Y,N,
3,Y,N,
4,Y,N,
5,Y,N,
6,Y,N,
7,Y,N,
8,Y,N,
9,Y,N,
10,Y,N,
11,Y,N,
12,Y,N,
13,Y,N,
14,Y,N,
15,Y,N,
16,Y,N,
2020-007-11,N,,Immuno
2020-013-3,,,
1,Y,N,
2,Y,N,
3,Y,N,
4,Y,N,
5,Y,N,
6,Y,N,
7,Y,N,
8,Y,N,
9,Y,N,
10,Y,N,
11,Y,N,
12,Y,N,
13,Y,N,
14,Y,N,
15,Y,N,
16,Y,N,
2020-013-4,,,
1,Y,N,
2,Y,N,
3,Y,N,
4,Y,N,
5,Y,N,
6,Y,N,
7,Y,N,
8,Y,N,
2020-008-9,,,
1,Y,N,
2,Y,N,
3,Y,N,
2020-008-10,,,
1,Y,N,
2,Y,N,
3,Y,N,
2020-008-11,,,
1,Y,N,
2,Y,N,
3,Y,N,
2020-008-12,,,
1,Y,N,
2,Y,N,
3,Y,N,
2020-008-13,,,
1,Y,N,
2,Y,N,
3,Y,N,
2020-013-6,,,
1,Y,N,
2,Y,N,
3,Y,N,
4,Y,N,
5,Y,N,
6,Y,N,
7,Y,N,
8,Y,N,
9,Y,N,
10,Y,N,
11,Y,N,
12,Y,N,
13,Y,N,
14,Y,N,
2020-013-7,N,,Control
2020-005-1,,,
1,Y,N,
2,Y,N,
3,Y,N,
4,Y,N,
5,Y,N,
6,Y,N,
7,Y,N,
8,Y,N,
9,Y,N,
10,Y,N,
2020-008-17,N,,Immuno
2020-008-15,N,,Control
2020-005-2,,,
1,Y,N,
2,Y,N,
3,Y,N,
4,Y,N,
5,Y,N,
6,Y,N,
7,Y,N,
8,Y,N,
9,Y,N,
10,Y,N,
2020-008-20,N,,Control
2020-008-16,N,,Immuno
2020-008-18,N,,Immuno
2020-008-19,N,,Immuno
2020-005-5,,,
1,Y,N,
2,Y,N,
3,Y,N,
4,Y,N,
5,Y,N,
6,Y,N,
7,Y,N,
8,Y,N,
9,Y,N,
10,Y,N,
2020-008-21,N,,Control
2020-008-2,,,
1,Y,N,
2,Y,N,
3,Y,N,
2020-008-1,,,
1,Y,N,
2,Y,N,
3,Y,N,
2020-005-4,,,
1,Y,N,
2,Y,N,
3,Y,N,
4,Y,N,
5,Y,N,
6,Y,N,
7,Y,N,
8,Y,N,
9,Y,N,
10,Y,N,
2020-005-6,,,
1,Y,N,
2,Y,N,
3,Y,N,
4,Y,N,
5,Y,N,
2020-008-4,,,
1,Y,N,
2,Y,N,
3,Y,N,
2020-008-3,,,
1,Y,N,
2,Y,N,
3,Y,N,
4,Y,N,
2020-005-7,N,,Pentachrome
2020-008-5,,,
1,Y,N,
2,Y,N,
3,Y,N,
2020-005-8,N,,Control
2020-008-7,N,,Pentachrome
2020-008-6,,,
1,Y,N,
2,Y,N,
3,Y,N,
2020-005-9,N,,Immuno
2020-008-8,,,
1,Y,N,
2,Y,N,
3,Y,N,
2020-020-1,,,
1,Y,N,
2,Y,N,
3,Y,N,
4,Y,N,
5,Y,N,
6,Y,N,
7,Y,N,
8,Y,N,
9,Y,N,
10,Y,N,
11,Y,N,
12,Y,N,
13,Y,N,
14,Y,N,
15,Y,N,
2020-005-10,N,,Immuno
2020-020-2,,,
1,Y,N,
2,Y,N,
3,Y,N,
4,Y,N,
5,Y,N,
6,Y,N,
7,Y,N,
8,Y,N,
9,Y,N,
10,Y,N,
11,Y,N,
12,Y,N,
13,Y,N,
14,Y,N,
15,Y,N,
2020-005-11,N,,Immuno
2020-005-12,N,,Control
2020-025-1,,,
1,Y,N,
2,Y,N,
3,Y,N,
4,Y,N,
5,Y,N,
6,Y,N,
7,Y,N,
8,Y,N,
2020-020-3,,,
1,Y,N,
2,Y,N,
3,Y,N,
4,Y,N,
5,Y,N,
6,Y,N,
7,Y,N,
8,Y,N,
9,Y,N,
10,Y,N,
11,Y,N,
12,Y,N,
13,Y,N,
14,Y,N,
15,Y,N,
2020-025-2,,,
1,Y,N,
2,Y,N,
3,Y,N,
4,Y,N,
5,Y,N,
6,Y,N,
7,Y,N,
8,Y,N,
2020-025-3,,,
1,Y,N,
2,Y,N,
3,Y,N,
4,Y,N,
2020-020-4,,,
1,Y,N,
2,Y,N,
3,Y,N,
4,Y,N,
5,Y,N,
6,Y,N,
7,Y,N,
8,Y,N,
9,Y,N,
10,Y,N,
11,Y,N,
2020-025-7,N,,Pentachrome
2020-025-8,N,,Immuno
2020-025-9,N,,Immuno
2020-025-10,N,,Immuno
2020-025-11,N,,Control
2020-027-13,,,
1,Y,N,
2,Y,N,
3,Y,N,
4,Y,N,
5,Y,N,
6,Y,N,
7,Y,N,
8,Y,N,
9,Y,N,
10,Y,N,
11,Y,N,
12,Y,N,
2020-027-18,N,,Immuno
2020-027-14,,,
1,Y,N,
2,Y,N,
3,Y,N,
4,Y,N,
5,Y,N,
6,Y,N,
7,Y,N,
8,Y,N,
9,Y,N,
10,Y,N,
11,Y,N,
12,Y,N,
2020-027-20,N,,Immuno
2020-027-19,N,,Immuno
2020-025-6,,,
1,Y,N,
2,Y,N,
3,Y,N,
4,Y,N,
5,Y,N,
6,Y,N,
7,Y,N,
8,Y,N,
2020-006-1,,,
1,Y,N,
2,Y,N,
3,Y,N,
4,Y,N,
5,Y,N,
6,Y,N,
7,Y,N,
8,Y,N,
9,Y,N,
10,Y,N,
2020-027-21,N,,Control
2020-005-3,,,
1,Y,N,
2,Y,N,
3,Y,N,
4,Y,N,
5,Y,N,
6,Y,N,
7,Y,N,
8,Y,N,
9,Y,N,
10,Y,N,
2020-006-2,,,
1,Y,N,
2,Y,N,
3,Y,N,
4,Y,N,
5,Y,N,
6,Y,N,
7,Y,N,
8,Y,N,
9,Y,N,
10,Y,N,
2020-006-3,,,
1,Y,N,
2,Y,N,
3,Y,N,
4,Y,N,
5,Y,N,
6,Y,N,
7,Y,N,
8,Y,N,
9,Y,N,
10,Y,N,
2020-006-4,,,
1,Y,N,
2,Y,N,
3,Y,N,
4,Y,N,
5,Y,N,
6,Y,N,
7,Y,N,
8,Y,N,
9,Y,N,
10,Y,N,
2020-006-5,,,
1,Y,N,
2,Y,N,
3,Y,N,
4,Y,N,
5,Y,N,
6,Y,N,
7,Y,N,
8,Y,N,
9,Y,N,
10,Y,N,
2020-006-6,,,
1,Y,N,
2,Y,N,
3,Y,N,
4,Y,N,
5,Y,N,
6,Y,N,
7,Y,N,
8,Y,N,
9,Y,N,
10,Y,N,
2020-006-7,N,,Immuno
2020-037-10,N,,Immuno
2020-037-9,N,,Immuno
2020-037-8,N,,Immuno
2020-037-7,N,,Pentachroma
2020-037-6,,,
1,Y,N,
2,Y,N,
3,Y,N,
4,Y,N,
5,Y,N,
6,Y,N,
2020-037-5,,,
1,Y,N,
2,Y,N,
3,Y,N,
4,Y,N,
5,Y,N,
6,Y,N,
2020-037-4,,,
1,Y,N,
2,Y,N,
3,Y,N,
4,Y,N,
5,Y,N,
6,Y,N,
2020-037-3,,,
1,N,,
2,N,,
3,N,,
4,Y,N,
5,Y,N,
6,Y,N,
7,Y,N,
8,Y,N,
9,Y,N,
2020-037-2,,,
1,Y,N,
2,Y,N,
3,Y,N,
4,N,,
5,N,,
6,N,,
2020-037-1,,,
1,Y,N,
2,Y,N,
3,Y,N,
4,Y,N,
5,Y,N,
6,Y,N,
7,N,,
8,N,,
9,N,,
2020-036-1,,,
1,y,N,
2,Y,N,
3,y,N,
4,Y,N,
5,y,N,
6,Y,N,
7,y,N,
8,Y,N,
9,y,N,
10,Y,N,
2020-036-2,,,
1,y,N,
2,Y,N,
3,y,N,
4,Y,N,
5,y,N,
6,Y,N,
7,y,N,
8,Y,N,
9,y,N,
10,Y,N,
2020-036-3,,,
1,y,N,
2,Y,N,
3,y,N,
4,Y,N,
5,y,N,
2020-036-4,,,
1,y,N,
2,Y,N,
3,y,N,
4,Y,N,
5,y,N,
6,Y,N,
7,y,N,
8,Y,N,
9,y,N,
10,Y,N,
2020-036-5,,,
1,y,N,
2,Y,N,
3,y,N,
4,Y,N,
5,y,N,
6,Y,N,
7,y,N,
8,Y,N,
9,y,N,
10,Y,N,
2020-036-6,,,
1,y,N,
2,Y,N,
3,y,N,
4,Y,N,
5,y,N,
2020-036-7,N,,Pentachrome
2020-036-8,N,,Immuno
2020-036-9,N,,Immuno
2020-036-10,N,,Immuno
2020-031-4,,,
1,Y,N,
2,Y,N,
3,Y,N,
4,Y,N,
5,Y,N,
6,Y,N,
7,Y,N,
8,Y,N,
9,Y,N,
10,Y,N,
11,Y,N,
12,Y,N,
2020-031-5,,,
1,Y,N,
2,Y,N,
3,Y,N,
4,Y,N,
5,Y,N,
6,Y,N,
7,Y,N,
8,Y,N,
9,Y,N,
10,Y,N,
11,Y,N,
12,Y,N,
2020-031-6,,,
1,Y,N,
2,Y,N,
3,Y,N,
4,Y,N,
5,Y,N,
6,Y,N,
7,Y,N,
8,Y,N,
9,Y,N,
10,Y,N,
11,Y,N,
12,Y,N,
2020-031-7,N,,Immuno
2020-031-8,N,,Immuno
2020-031-9,N,,Immuno
2020-031-10,N,,Pentachrome
2020-044-7,N,,Immuno
2020-044-8,N,,Immuno
2020-043-1,,,
1,Y,N,
2,Y,N,
3,Y,N,
4,Y,N,
5,Y,N,
6,Y,N,
7,Y,N,
8,Y,N,
9,N,,Poor section
10,N,,Poor section
11,Y,N,
12,Y,N,
13,Y,N,
14,Y,N,
2020-043-2,,,
1,Y,N,
2,Y,N,
3,Y,N,
4,Y,N,
5,Y,N,
6,Y,N,
7,Y,N,
8,Y,N,
9,N,,Poor section
10,N,,Poor section
11,Y,N,
12,Y,N,
13,Y,N,
14,Y,N,
2020-043-3,,,
1,Y,N,
2,Y,N,
3,Y,N,
4,Y,N,
5,Y,N,
6,Y,N,
7,Y,N,
8,Y,N,
9,N,,Poor section
10,N,,Poor section
11,Y,N,
12,Y,N,
13,Y,N,
14,Y,N,
2020-043-4,,,
1,Y,N,
2,Y,N,
3,Y,N,
4,Y,N,
5,Y,N,
6,Y,N,
7,Y,N,
8,Y,N,
9,N,,Poor section
10,N,,Poor section
11,Y,N,
12,Y,N,
13,Y,N,
14,Y,N,
2020-043-5,,,
1,Y,N,
2,Y,N,
3,Y,N,
4,Y,N,
5,Y,N,
6,Y,N,
7,Y,N,
8,Y,N,
9,N,,Poor section
10,N,,Poor section
11,Y,N,
12,Y,N,
13,Y,N,
14,Y,N,
2020-043-6,,,
1,Y,N,
2,Y,N,
3,Y,N,
4,Y,N,
5,Y,N,
6,Y,N,
7,Y,N,
8,Y,N,
9,N,,Poor section
10,N,,Poor section
11,Y,N,
12,Y,N,
13,Y,N,
14,Y,N,
2020-043-7,N,,Pentachrome
2020-043-8,N,,Pentachrome
2020-043-9,N,,Immuno
2020-043-10,N,,Immuno
2020-043-11,N,,Immuno
2020-041-2,,,
1,Y,N,
2,Y,N,
3,Y,N,
4,Y,N,
5,Y,N,
6,Y,N,
7,Y,N,
8,Y,N,
9,N,,Poor section
10,N,,Poor section
2020-041-3,,,
1,Y,N,
2,Y,N,
3,Y,N,
4,Y,N,
5,Y,N,
6,Y,N,
7,Y,N,
8,Y,N,
9,N,,Poor section
10,N,,Poor section
2020-041-5,N,,Pentachrome
2020-041-4,N,,Pentachrome
2020-041-6,,,
1,Y,N,
2,Y,N,
3,Y,N,
4,Y,N,
5,Y,N,
6,Y,N,
7,Y,N,
8,Y,N,
9,N,,Poor section
10,N,,Poor section
2020-041-7,,,
1,Y,N,
2,Y,N,
3,Y,N,
4,Y,N,
5,Y,N,
6,Y,N,
7,Y,N,
8,Y,N,
9,Y,N,
10,Y,N,
2020-041-8,,,
1,Y,N,
2,Y,N,
3,Y,N,
4,Y,N,
5,Y,N,
6,Y,N,
7,Y,N,
8,Y,N,
9,Y,N,
10,Y,N,
2020-041-9,N,,Immuno
2020-041-10,N,,Immuno
2020-039-1,,,
1,Y,N,
2,Y,N,
3,Y,N,
4,Y,N,
5,Y,N,
6,Y,N,
7,Y,N,
8,Y,N,
9,Y,N,
2020-039-2,,,
1,Y,N,
2,Y,N,
3,Y,N,
4,Y,N,
5,Y,N,
6,Y,N,
7,Y,N,
8,Y,N,
9,Y,N,
10,Y,N,
11,Y,N,
12,Y,N,
2020-039-3,,,
1,Y,N,
2,Y,N,
3,Y,N,
4,Y,N,
5,Y,N,
6,Y,N,
7,Y,N,
8,Y,N,
9,Y,N,
10,Y,N,
11,Y,N,
12,Y,N,
13,Y,N,
14,Y,N,
15,Y,N,
2020-039-4,,,
1,Y,N,
2,Y,N,
3,Y,N,
4,Y,N,
5,Y,N,
6,Y,N,
7,Y,N,
8,Y,N,
9,Y,N,
10,Y,N,
11,Y,N,
12,Y,N,
13,Y,N,
14,Y,N,
15,Y,N,
2020-039-10,N,,Immuno
2020-039-5,,,
1,Y,N,
2,Y,N,
3,Y,N,
4,Y,N,
5,Y,N,
6,Y,N,
7,Y,N,
8,Y,N,
9,Y,N,
10,Y,N,
11,Y,N,
12,Y,N,
2020-039-6,,,
1,Y,N,
2,Y,N,
3,Y,N,
4,Y,N,
5,Y,N,
6,Y,N,
7,Y,N,
8,Y,N,
9,Y,N,
10,Y,N,
11,Y,N,
12,Y,N,
2020-039-7,N,,Pentachrome
2020-039-9,N,,Immuno
2020-045-7,N,,Pentachrome
2015-015-2,,,
1,Y,Y,
2,Y,Y,
3,Y,Y,
4,Y,Y,
5,Y,Y,
6,Y,Y,
7,Y,Y,
8,Y,Y,
9,Y,Y,
10,Y,Y,
11,Y,Y,
12,Y,Y,
2017-042-6,,,
1,Y,Y,
2,Y,Y,
3,Y,Y,
4,Y,Y,
5,Y,Y,
6,Y,Y,
7,Y,Y,
8,Y,Y,
2017-044-5,,,
1,Y,N,
2,Y,N,
3,Y,Y,
4,Y,Y,
5,Y,Y,
6,Y,Y,
2015-043-6,,,
1,Y,Y,
2,Y,Y,
3,Y,Y,
4,Y,Y,
5,Y,Y,
6,Y,Y,
7,Y,Y,
8,Y,Y,
9,Y,Y,
10,Y,Y,
11,Y,Y,
12,Y,Y,
13,Y,Y,
14,Y,Y,
15,Y,Y,
16,Y,Y,
2003-008-11,,,
1,Y,Y,
2,Y,Y,
3,Y,Y,
4,Y,Y,
5,Y,Y,
6,Y,Y,
7,Y,Y,
8,Y,Y,
9,Y,Y,
10,Y,Y,
11,Y,Y,
12,Y,Y,
13,Y,Y,
14,Y,Y,
15,Y,Y,
16,Y,Y,
2016-017-1,,,
1,Y,Y,
2,Y,Y,
3,Y,Y,
4,Y,Y,
5,Y,Y,
6,Y,Y,
2003-008-12,,,
1,Y,Y,
2,N,,Poor section
3,Y,Y,
4,Y,Y,
5,Y,Y,
6,Y,Y,
7,Y,Y,
8,Y,Y,
9,Y,Y,
2016-017-3,,,
1,Y,Y,
2,Y,Y,
3,Y,Y,
4,Y,Y,
5,Y,Y,
6,Y,Y,
2003-008-13,,,
1,Y,Y,
2,Y,Y,
3,N,,Poor section
4,Y,Y,
5,Y,Y,
6,Y,Y,
2016-017-2,,,
1,Y,Y,
2,Y,Y,
3,Y,Y,
4,Y,Y,
5,Y,Y,
6,Y,Y,
2001-051-7,,,
1,N,,Poor section
2,Y,Y,
3,Y,Y,
4,Y,Y,
5,Y,Y,
6,Y,Y,
7,Y,Y,
8,Y,Y,
9,Y,Y,
10,Y,Y,
11,Y,Y,
2016-017-6,N,,Pentachrome
2016-017-5,,,
1,Y,Y,
2,Y,Y,
3,Y,Y,
4,Y,Y,
5,Y,Y,
6,Y,Y,
2016-017-4,,,
1,Y,Y,
2,Y,Y,
3,Y,Y,
4,Y,Y,
5,Y,Y,
6,Y,Y,
2016-017-7,N,,Control
2002-060-2,,,
1,Y,Y,
2,Y,Y,
3,Y,Y,
4,Y,Y,
5,Y,Y,
6,Y,Y,
7,Y,Y,
8,Y,Y,
9,Y,Y,
2002-060-3,,,
1,Y,Y,
2,Y,Y,
3,Y,Y,
4,Y,Y,
5,Y,Y,
6,Y,Y,
7,Y,Y,
8,Y,Y,
9,Y,Y,
2002-060-1,,,
1,Y,Y,
2,Y,Y,
3,Y,Y,
4,Y,Y,
5,Y,Y,
6,Y,Y,
7,Y,Y,
8,Y,Y,
9,Y,Y,
2016-049-1,,,
1,Y,N,
2,Y,N,
3,Y,Y,
4,Y,Y,
5,Y,Y,
6,Y,Y,
7,Y,N,
8,Y,N,
9,Y,Y,
10,Y,Y,
2016-049-2,,,
1,Y,N,
2,Y,N,
3,Y,Y,
4,Y,Y,
5,Y,Y,
6,Y,Y,
7,Y,N,
8,Y,N,
9,Y,Y,
10,Y,Y,
2002-022-5,,,
1,Y,Y,
2,Y,Y,
3,Y,Y,
4,Y,Y,
5,Y,Y,
6,Y,Y,
7,Y,Y,
8,Y,Y,
9,Y,Y,
10,Y,Y,
11,Y,Y,
12,Y,Y,
13,Y,Y,
14,Y,Y,
15,Y,Y,
16,Y,Y,
2002-022-3,,,
1,Y,Y,
2,Y,Y,
3,Y,Y,
4,Y,Y,
5,Y,Y,
6,Y,Y,
7,Y,Y,
8,Y,Y,
9,Y,Y,
10,Y,Y,
11,Y,Y,
12,Y,Y,
13,Y,Y,
14,Y,Y,
15,Y,Y,
16,Y,Y,
2002-022-4,,,
1,Y,Y,
2,Y,Y,
3,Y,Y,
4,Y,Y,
5,Y,Y,
6,Y,Y,
7,Y,Y,
8,Y,Y,
2002-022-2,,,
1,Y,Y,
2,Y,Y,
3,Y,Y,
4,Y,Y,
5,Y,Y,
6,Y,Y,
7,Y,Y,
8,Y,Y,
9,Y,Y,
10,Y,Y,
11,Y,Y,
12,Y,Y,
13,Y,Y,
14,Y,Y,
15,Y,Y,
16,Y,Y,
2016-049-4,,,
1,Y,N,
2,Y,N,
3,Y,Y,
4,Y,Y,
5,Y,Y,
6,Y,Y,
7,Y,N,
8,Y,N,
9,Y,Y,
10,Y,Y,
2016-049-3,,,
1,Y,N,
2,Y,N,
3,Y,Y,
4,Y,Y,
5,Y,Y,
6,Y,Y,
7,Y,N,
8,Y,N,
9,Y,Y,
10,Y,Y,
2001-051-8,,,
1,Y,Y,
2,Y,Y,
3,Y,Y,
4,Y,Y,
5,Y,Y,
6,Y,Y,
7,Y,Y,
8,Y,Y,
9,Y,Y,
2016-049-5,,,
1,Y,N,
2,Y,N,
3,Y,Y,
4,Y,Y,
5,Y,Y,
6,Y,Y,
7,Y,N,
8,Y,N,
9,Y,Y,
10,Y,Y,
2016-049-6,,,
1,Y,N,
2,Y,N,
3,Y,Y,
4,Y,Y,
5,Y,Y,
6,Y,Y,
7,Y,N,
8,Y,N,
9,Y,Y,
10,Y,Y,
2002-007-3,,,
1,Y,Y,
2,Y,Y,
3,Y,Y,
4,Y,Y,
5,Y,Y,
6,Y,Y,
7,Y,Y,
8,Y,Y,
9,Y,Y,
10,Y,Y,
11,Y,Y,
12,Y,Y,
13,Y,Y,
14,Y,Y,
15,Y,Y,
2002-007-4,,,
1,Y,Y,
2,Y,Y,
3,Y,Y,
4,Y,Y,
5,Y,Y,
6,Y,Y,
7,Y,Y,
8,Y,Y,
9,Y,Y,
10,Y,Y,
2017-042-1,,,
1,Y,Y,
2,Y,Y,
3,Y,Y,
4,Y,Y,
5,Y,Y,
6,Y,Y,
7,Y,Y,
8,Y,Y,
9,Y,Y,
10,Y,Y,
11,Y,Y,
12,Y,Y,
2002-007-2,,,
1,Y,Y,
2,Y,Y,
3,Y,Y,
4,Y,Y,
5,Y,Y,
6,Y,Y,
7,Y,Y,
8,Y,Y,
9,Y,Y,
10,Y,Y,
11,Y,Y,
12,Y,Y,
13,Y,Y,
14,Y,Y,
15,Y,Y,
2002-007-1,,,
1,Y,Y,
2,Y,Y,
3,Y,Y,
4,Y,Y,
5,Y,Y,
6,Y,Y,
7,Y,Y,
8,Y,Y,
9,Y,Y,
10,Y,Y,
11,Y,Y,
12,Y,Y,
13,Y,Y,
14,Y,Y,
15,Y,Y,
2017-042-2,,,
1,Y,Y,
2,Y,Y,
3,Y,Y,
4,Y,Y,
2001-051-5,,,
1,Y,Y,
2,Y,Y,
3,Y,Y,
4,Y,Y,
5,Y,Y,
6,Y,Y,
7,Y,Y,
8,Y,Y,
9,Y,Y,
10,Y,Y,
11,Y,Y,
2001-051-4,,,
1,Y,Y,
2,Y,Y,
3,Y,Y,
4,Y,Y,
5,Y,Y,
6,Y,Y,
7,Y,Y,
8,Y,Y,
9,Y,Y,
10,Y,Y,
11,Y,Y,
12,Y,Y,
2019-002-8,N,,Immuno
2001-051-3,,,
1,Y,Y,
2,Y,Y,
3,Y,Y,
4,Y,Y,
5,Y,Y,
6,Y,Y,
7,Y,Y,
8,Y,Y,
9,Y,Y,
10,Y,Y,
11,Y,Y,
12,Y,Y,
2019-002-9,N,,Immuno
2019-002-10,N,,Immuno
2019-049-1,,,
1,Y,N,
2,Y,N,
3,Y,N,
4,Y,N,
5,Y,N,
6,Y,N,
7,Y,N,
8,Y,N,
9,Y,N,
10,Y,N,
11,Y,N,
12,Y,N,
13,Y,N,
14,Y,N,
15,Y,N,
16,Y,N,
2019-049-2,,,
1,Y,N,
2,Y,N,
3,Y,N,
4,Y,N,
5,Y,N,
6,Y,N,
7,Y,N,
8,Y,N,
9,Y,N,
10,Y,N,
11,Y,N,
12,Y,N,
13,Y,N,
14,Y,N,
15,Y,N,
16,Y,N,
2019-049-3,,,
1,Y,N,
2,Y,N,
3,Y,N,
4,Y,N,
5,Y,N,
6,Y,N,
7,Y,N,
8,Y,N,
9,Y,N,
10,Y,N,
11,Y,N,
12,Y,N,
13,Y,N,
14,Y,N,
15,Y,N,
16,Y,N,
2019-049-4,,,
1,Y,N,
2,Y,N,
3,Y,N,
4,Y,N,
5,Y,N,
6,Y,N,
7,Y,N,
8,Y,N,
9,Y,N,
10,Y,N,
11,Y,N,
12,Y,N,
13,Y,N,
14,Y,N,
15,Y,N,
16,Y,N,
2019-049-5,,,
1,Y,N,
2,Y,N,
3,Y,N,
4,Y,N,
5,Y,N,
6,Y,N,
7,Y,N,
8,Y,N,
9,Y,N,
10,Y,N,
11,Y,N,
12,Y,N,
13,Y,N,
14,Y,N,
15,Y,N,
16,Y,N,
2019-049-6,,,
1,Y,N,
2,Y,N,
3,Y,N,
4,Y,N,
5,Y,N,
6,Y,N,
7,Y,N,
8,Y,N,
2019-049-8,N,,Immuno
2019-049-9,N,,Immuno
2019-049-10,N,,Immuno
2019-101-1,,,
1,Y,Y,
2,Y,Y,
3,Y,Y,
4,Y,Y,
5,Y,Y,
6,Y,Y,
7,Y,Y,
8,Y,Y,
9,Y,Y,
10,Y,Y,
11,Y,Y,
12,Y,Y,
13,Y,Y,
14,Y,Y,
15,Y,Y,
16,Y,Y,
2019-101-4,,,
1,Y,Y,
2,Y,Y,
3,Y,Y,
4,Y,Y,
5,Y,Y,
6,Y,Y,
7,Y,Y,
8,Y,Y,
9,Y,Y,
10,Y,Y,
11,Y,Y,
12,Y,Y,
2019-101-5,,,
1,Y,Y,
2,Y,Y,
3,Y,Y,
4,Y,Y,
5,Y,Y,
6,Y,Y,
7,Y,Y,
8,Y,Y,
9,Y,Y,
10,Y,Y,
11,Y,Y,
12,Y,Y,
2020-045-5,,,
1,Y,N,
2,Y,N,
3,Y,N,
4,Y,N,
5,Y,N,
6,Y,N,
7,Y,N,
8,Y,N,
2020-045-8,N,,Pentachrome
2020-045-6,,,
1,Y,N,
2,Y,N,
3,Y,N,
4,Y,N,
5,Y,N,
6,Y,N,
7,Y,N,
8,Y,N,
2020-045-2,,,
1,Y,N,
2,Y,N,
3,Y,N,
4,Y,N,
5,Y,N,
6,Y,N,
7,Y,N,
8,Y,N,
2020-045-10,N,,Immuno
2020-048-7,N,,Pentachrome
2018-016-8,N,,Immuno
2018-016-9,N,,Immuno
2018-017-2,,,
1,Y,Y,
2,Y,Y,
3,Y,Y,
4,Y,Y,
5,Y,Y,
2018-017-1,,,
1,Y,Y,
2,Y,Y,
3,Y,Y,
4,Y,Y,
5,Y,Y,
2018-016-10,N,,Immuno
2001-051-2,,,
1,Y,Y,
2,Y,Y,
3,Y,Y,
4,Y,Y,
5,Y,Y,
6,Y,Y,
7,Y,Y,
8,Y,Y,
9,Y,Y,
10,Y,Y,
11,Y,Y,
12,Y,Y,
2018-017-4,,,
1,Y,Y,
2,Y,Y,
3,Y,Y,
4,Y,Y,
5,Y,Y,
2018-017-3,,,
1,Y,Y,
2,Y,Y,
3,Y,Y,
4,Y,Y,
5,Y,Y,
2018-017-6,,,
1,Y,Y,
2,Y,Y,
3,Y,Y,
4,Y,Y,
5,Y,Y,
2018-017-5,,,
1,Y,Y,
2,Y,Y,
3,Y,Y,
4,Y,Y,
5,Y,Y,
2001-051-1,,,
1,Y,Y,
2,Y,Y,
3,Y,Y,
4,Y,Y,
5,Y,Y,
6,Y,Y,
7,Y,Y,
8,Y,Y,
9,Y,Y,
2001-019-6,,,
1,Y,Y,
2,Y,Y,
3,Y,Y,
4,Y,Y,
5,Y,Y,
6,Y,Y,
7,Y,Y,
8,Y,Y,
9,Y,Y,
2001-019-5,,,
1,Y,Y,
2,Y,Y,
3,Y,Y,
4,Y,Y,
5,Y,Y,
6,Y,Y,
7,Y,Y,
8,Y,Y,
9,Y,Y,
10,Y,Y,
11,Y,Y,
12,Y,Y,
2017-042-4,,,
1,Y,Y,
2,Y,Y,
3,Y,Y,
4,Y,Y,
5,Y,Y,
6,Y,Y,
7,Y,Y,
8,Y,Y,
2001-019-4,,,
1,Y,Y,
2,Y,Y,
3,Y,Y,
4,Y,Y,
5,Y,Y,
6,Y,Y,
7,Y,Y,
8,Y,Y,
9,Y,Y,
2001-019-3,,,
1,Y,Y,
2,Y,Y,
3,Y,Y,
4,Y,Y,
5,Y,Y,
6,Y,Y,
7,Y,Y,
8,Y,Y,
9,Y,Y,
2019-002-1,,,
1,Y,Y,
2,Y,Y,
3,Y,Y,
4,Y,Y,
5,Y,Y,
6,Y,Y,
7,Y,Y,
8,Y,Y,
9,Y,Y,
10,Y,Y,
11,Y,Y,
12,Y,Y,
13,Y,Y,
14,Y,Y,
2001-019-2,,,
1,Y,Y,
2,Y,Y,
3,Y,Y,
4,Y,Y,
5,Y,Y,
6,Y,Y,
7,Y,Y,
8,Y,Y,
9,Y,Y,
2001-019-1,,,
1,Y,Y,
2,Y,Y,
3,Y,Y,
4,Y,Y,
5,Y,Y,
6,Y,Y,
7,Y,Y,
8,Y,Y,
9,Y,Y,
2019-002-2,,,
1,Y,Y,
2,Y,Y,
3,Y,Y,
4,Y,Y,
5,Y,Y,
6,Y,Y,
7,Y,Y,
8,Y,Y,
9,Y,Y,
10,Y,Y,
2019-002-3,,,
1,Y,Y,
2,Y,Y,
3,Y,Y,
4,Y,Y,
5,Y,Y,
6,Y,Y,
7,Y,Y,
8,Y,Y,
9,Y,Y,
10,Y,Y,
2000-053-6,,,
1,Y,Y,
2,Y,Y,
3,Y,Y,
4,Y,Y,
5,Y,Y,
6,Y,Y,
7,Y,Y,
8,Y,Y,
9,Y,Y,
10,Y,Y,
11,Y,Y,
12,Y,Y,
13,Y,Y,
14,Y,Y,
15,Y,Y,
2000-053-5,,,
1,Y,Y,
2,Y,Y,
3,Y,Y,
4,Y,Y,
5,Y,Y,
6,Y,Y,
7,Y,Y,
8,Y,Y,
9,Y,Y,
10,Y,Y,
11,Y,Y,
12,Y,Y,
13,Y,Y,
14,Y,Y,
15,Y,Y,
2019-002-4,,,
1,Y,Y,
2,Y,Y,
3,Y,Y,
4,Y,Y,
5,Y,Y,
6,Y,Y,
7,Y,Y,
8,Y,Y,
9,Y,Y,
10,Y,Y,
11,Y,Y,
12,Y,Y,
13,Y,Y,
14,Y,Y,
15,Y,Y,
2000-038-7,,,
1,Y,Y,
2,Y,Y,
3,Y,Y,
4,Y,Y,
5,Y,Y,
6,Y,Y,
2019-002-5,,,
1,Y,Y,
2,Y,Y,
3,Y,Y,
4,Y,Y,
5,Y,Y,
6,Y,Y,
7,Y,Y,
8,Y,Y,
9,Y,Y,
10,Y,Y,
2019-002-6,,,
1,Y,Y,
2,Y,Y,
3,Y,Y,
4,Y,Y,
5,Y,Y,
6,Y,Y,
7,Y,Y,
8,Y,Y,
9,Y,Y,
10,Y,Y,
11,Y,Y,
12,Y,Y,
13,Y,Y,
14,Y,Y,
15,Y,Y,
2019-101-8,N,,Control
2020-049-5,,,
1,Y,N,
2,Y,N,
3,Y,N,
4,Y,N,
5,Y,N,
6,Y,N,
7,Y,N,
8,Y,N,
2019-101-11,N,,Immuno
2019-101-3,,,
1,Y,Y,
2,Y,Y,
3,Y,Y,
4,Y,Y,
5,Y,Y,
6,Y,Y,
7,Y,Y,
8,Y,Y,
9,Y,Y,
10,Y,Y,
11,Y,Y,
12,Y,Y,
13,Y,Y,
14,Y,Y,
15,Y,Y,
16,Y,Y,
17,Y,Y,
18,Y,Y,
2000-053-4,,,
1,Y,Y,
2,Y,Y,
3,Y,Y,
4,Y,Y,
5,Y,Y,
6,Y,Y,
7,Y,Y,
8,Y,Y,
9,Y,Y,
10,Y,Y,
11,Y,Y,
12,Y,Y,
13,Y,Y,
14,Y,Y,
15,Y,Y,
2019-101-2,,,
1,Y,Y,
2,Y,Y,
3,Y,Y,
4,Y,Y,
5,Y,Y,
6,Y,Y,
7,Y,Y,
8,Y,Y,
9,Y,Y,
10,Y,Y,
11,Y,Y,
12,Y,Y,
13,Y,Y,
14,Y,Y,
15,Y,Y,
16,Y,Y,
17,Y,Y,
18,Y,Y,
2000-053-3,,,
1,Y,Y,
2,Y,Y,
3,Y,Y,
4,Y,Y,
5,Y,Y,
6,Y,Y,
7,Y,Y,
8,Y,Y,
9,Y,Y,
10,Y,Y,
11,Y,Y,
12,Y,Y,
13,Y,Y,
14,Y,Y,
15,Y,Y,
2020-048-8,N,,Control
2020-048-9,N,,Immuno
2000-053-2,,,
1,Y,Y,
2,Y,Y,
3,Y,Y,
4,Y,Y,
5,Y,Y,
6,Y,Y,
7,Y,Y,
8,Y,Y,
9,Y,Y,
10,Y,Y,
11,Y,Y,
12,Y,Y,
13,Y,Y,
14,Y,Y,
15,Y,Y,
16,Y,Y,
17,Y,Y,
18,Y,Y,
19,Y,Y,
20,Y,Y,
2000-053-1,,,
1,Y,Y,
2,Y,Y,
3,Y,Y,
4,Y,Y,
5,Y,Y,
6,Y,Y,
7,Y,Y,
8,Y,Y,
9,Y,Y,
10,Y,Y,
11,Y,Y,
12,Y,Y,
13,Y,Y,
14,Y,Y,
15,Y,Y,
2013-047-1,,,
1,Y,Y,
2,Y,Y,
3,Y,Y,
4,Y,Y,
5,Y,Y,
6,Y,Y,
7,Y,Y,
8,Y,Y,
2013-047-2,,,
1,Y,Y,
2,Y,Y,
3,Y,Y,
4,Y,Y,
5,Y,Y,
6,Y,Y,
7,Y,Y,
8,Y,Y,
2000-038-10,,,
1,Y,Y,
2,Y,Y,
3,Y,Y,
4,Y,Y,
5,Y,Y,
6,Y,Y,
2013-047-6,,,
1,Y,Y,
2,Y,Y,
3,Y,Y,
4,Y,Y,
5,Y,Y,
6,Y,Y,
7,Y,Y,
8,Y,Y,
2000-038-9,,,
1,Y,Y,
2,Y,Y,
3,Y,Y,
4,Y,Y,
5,Y,Y,
6,Y,Y,
2013-047-4,,,
1,Y,Y,
2,Y,Y,
3,Y,Y,
4,Y,Y,
5,Y,Y,
6,Y,Y,
7,Y,Y,
8,Y,Y,
2000-038-8,,,
1,Y,Y,
2,Y,Y,
3,Y,Y,
4,Y,Y,
5,Y,Y,
6,Y,Y,
2000-038-6,,,
1,Y,Y,
2,Y,Y,
3,Y,Y,
4,Y,Y,
5,Y,Y,
6,Y,Y,
7,Y,Y,
8,Y,Y,
9,Y,Y,
2013-047-3,,,
1,Y,Y,
2,Y,Y,
3,Y,Y,
4,Y,Y,
2013-047-5,,,
1,Y,Y,
2,Y,Y,
3,Y,Y,
4,Y,Y,
5,Y,Y,
6,Y,Y,
7,Y,Y,
8,Y,Y,
2000-038-5,,,
1,Y,Y,
2,Y,Y,
3,Y,Y,
4,Y,Y,
5,Y,Y,
6,Y,Y,
7,Y,Y,
8,Y,Y,
2000-038-4,,,
1,Y,Y,
2,Y,Y,
3,Y,Y,
4,Y,Y,
5,Y,Y,
6,Y,Y,
2015-015-1,,,
1,Y,Y,
2,Y,Y,
3,Y,Y,
4,Y,Y,
5,Y,Y,
6,Y,Y,
7,Y,Y,
8,Y,Y,
9,Y,Y,
10,Y,Y,
11,Y,Y,
12,Y,Y,
2015-015-3,,,
1,Y,Y,
2,Y,Y,
3,Y,Y,
4,Y,Y,
5,Y,Y,
6,Y,Y,
7,Y,Y,
8,Y,Y,
9,Y,Y,
10,Y,Y,
11,Y,Y,
12,Y,Y,
2000-038-3,,,
1,Y,Y,
2,Y,Y,
3,Y,Y,
4,Y,Y,
5,Y,Y,
6,Y,Y,
2000-038-2,,,
1,Y,Y,
2,Y,Y,
3,Y,Y,
4,Y,Y,
5,Y,Y,
6,Y,Y,
7,Y,Y,
8,Y,Y,
9,Y,Y,
2015-015-4,,,
1,Y,Y,
2,Y,Y,
3,Y,Y,
4,Y,Y,
5,Y,Y,
6,Y,Y,
7,Y,Y,
8,Y,Y,
9,Y,Y,
10,Y,Y,
11,Y,Y,
12,Y,Y,
2000-025-9,,,
1,Y,Y,
2,Y,Y,
3,Y,Y,
4,Y,Y,
5,Y,Y,
6,Y,Y,
7,Y,Y,
8,Y,Y,
9,Y,Y,
10,Y,Y,
11,Y,Y,
12,Y,Y,
13,Y,Y,
14,Y,Y,
15,Y,Y,
16,Y,Y,
17,Y,Y,
18,Y,Y,
19,Y,Y,
20,Y,Y,
21,Y,Y,
22,Y,Y,
23,Y,Y,
24,Y,Y,
2000-038-1,,,
1,Y,Y,
2,Y,Y,
3,Y,Y,
4,Y,Y,
2000-025-7,,,
1,Y,Y,
2,Y,Y,
3,Y,Y,
4,Y,Y,
5,Y,Y,
6,Y,Y,
7,Y,Y,
8,Y,Y,
9,Y,Y,
10,Y,Y,
11,Y,Y,
12,Y,Y,
13,Y,Y,
14,Y,Y,
15,Y,Y,
16,Y,Y,
17,Y,Y,
18,Y,Y,
19,Y,Y,
20,Y,Y,
21,Y,Y,
22,Y,Y,
23,Y,Y,
24,Y,Y,
25,Y,Y,
26,Y,Y,
27,Y,Y,
28,Y,Y,
2015-015-5,,,
1,Y,Y,
2,Y,Y,
3,Y,Y,
4,Y,Y,
5,Y,Y,
6,Y,Y,
7,Y,Y,
8,Y,Y,
9,Y,Y,
10,Y,Y,
11,Y,Y,
12,Y,Y,
2015-015-6,,,
1,Y,Y,
2,Y,Y,
3,Y,Y,
4,Y,Y,
5,Y,Y,
6,Y,Y,
7,Y,Y,
8,Y,Y,
9,Y,Y,
10,Y,Y,
11,Y,Y,
12,Y,Y,
2015-043-1,,,
1,Y,Y,
2,Y,Y,
3,Y,Y,
4,Y,Y,
5,Y,Y,
6,Y,Y,
7,Y,Y,
8,Y,Y,
9,Y,Y,
10,Y,Y,
11,Y,Y,
12,Y,Y,
13,Y,Y,
14,Y,Y,
15,Y,Y,
16,Y,Y,
2000-025-5,,,
1,Y,Y,
2,Y,Y,
3,Y,Y,
4,Y,Y,
5,Y,Y,
6,Y,Y,
7,Y,Y,
8,Y,Y,
9,Y,Y,
10,Y,Y,
11,Y,Y,
12,Y,Y,
13,Y,Y,
14,Y,Y,
15,Y,Y,
16,Y,Y,
17,Y,Y,
18,Y,Y,
19,Y,Y,
20,Y,Y,
21,Y,Y,
22,Y,Y,
23,Y,Y,
24,Y,Y,
25,Y,Y,
26,Y,Y,
27,Y,Y,
28,Y,Y,
2000-025-3,,,
1,Y,Y,
2,Y,Y,
3,Y,Y,
4,Y,Y,
5,Y,Y,
6,Y,Y,
7,Y,Y,
8,Y,Y,
9,Y,Y,
10,Y,Y,
11,Y,Y,
12,Y,Y,
13,Y,Y,
14,Y,Y,
15,Y,Y,
16,Y,Y,
17,Y,Y,
18,Y,Y,
19,Y,Y,
20,Y,Y,
21,Y,Y,
22,Y,Y,
23,Y,Y,
24,Y,Y,
25,Y,Y,
26,Y,Y,
27,Y,Y,
2015-043-2,,,
1,Y,Y,
2,Y,Y,
3,Y,Y,
4,Y,Y,
5,Y,Y,
6,Y,Y,
7,Y,Y,
8,Y,Y,
9,Y,Y,
10,Y,Y,
11,Y,Y,
12,Y,Y,
13,Y,Y,
14,Y,Y,
15,Y,Y,
16,Y,Y,
2000-025-1,,,
1,Y,Y,
2,Y,Y,
3,Y,Y,
4,Y,Y,
5,Y,Y,
6,Y,Y,
7,Y,Y,
8,Y,Y,
9,Y,Y,
10,Y,Y,
11,Y,Y,
12,Y,Y,
13,Y,Y,
14,Y,Y,
15,Y,Y,
16,Y,Y,
17,Y,Y,
18,Y,Y,
19,Y,Y,
20,Y,Y,
21,Y,Y,
22,Y,Y,
23,Y,Y,
24,Y,Y,
25,Y,Y,
26,Y,Y,
27,Y,Y,
28,Y,Y,
2015-043-3,,,
1,Y,Y,
2,Y,Y,
3,Y,Y,
4,Y,Y,
5,Y,Y,
6,Y,Y,
7,Y,Y,
8,Y,Y,
9,Y,Y,
10,Y,Y,
11,Y,Y,
12,Y,Y,
13,Y,Y,
14,Y,Y,
15,Y,Y,
16,Y,Y,
2015-043-4,,,
1,Y,Y,
2,Y,Y,
3,Y,Y,
4,Y,Y,
5,Y,Y,
6,Y,Y,
7,Y,Y,
8,Y,Y,
9,Y,Y,
10,Y,Y,
11,Y,Y,
12,Y,Y,
13,Y,Y,
14,Y,Y,
15,Y,Y,
16,Y,Y,
17,Y,Y,
2015-043-5,,,
1,Y,Y,
2,Y,Y,
3,Y,Y,
4,Y,Y,
5,Y,Y,
6,Y,Y,
7,Y,Y,
8,Y,Y,
9,Y,Y,
10,Y,Y,
11,Y,Y,
12,Y,Y,
13,Y,Y,
14,Y,Y,
15,Y,Y,
16,Y,Y,
2019-101-9,N,,Immuno
2020-048-4,,,
1,Y,N,
2,Y,N,
3,Y,N,
4,Y,N,
5,Y,N,
6,Y,N,
7,Y,N,
8,Y,N,
2020-048-5,,,
1,Y,N,
2,Y,N,
3,Y,N,
4,Y,N,
5,Y,N,
6,Y,N,
7,Y,N,
8,Y,N,
2003-008-4,,,
1,Y,Y,
2,Y,Y,
3,Y,Y,
4,Y,Y,
5,Y,Y,
6,Y,Y,
7,Y,Y,
8,Y,Y,
9,Y,Y,
10,Y,Y,
11,Y,Y,
12,Y,Y,
13,Y,Y,
14,Y,Y,
15,Y,Y,
16,Y,Y,
17,Y,Y,
18,Y,Y,
19,Y,Y,
20,Y,Y,
21,Y,Y,
22,Y,Y,
23,Y,Y,
24,Y,Y,
2020-048-6,,,
1,Y,N,
2,Y,N,
3,Y,N,
4,Y,N,
5,Y,N,
6,Y,N,
7,Y,N,
8,Y,N,
2003-008-5,,,
1,Y,Y,
2,Y,Y,
3,Y,Y,
4,Y,Y,
5,Y,Y,
6,Y,Y,
7,Y,Y,
8,Y,Y,
9,Y,Y,
10,Y,Y,
11,Y,Y,
12,Y,Y,
13,Y,Y,
14,Y,Y,
15,Y,Y,
16,Y,Y,
17,Y,Y,
18,Y,Y,
19,Y,Y,
20,Y,Y,
21,Y,Y,
22,Y,Y,
23,Y,Y,
2020-048-10,N,,Immuno
2020-049-3,,,
1,Y,N,
2,Y,N,
3,Y,N,
4,Y,N,
5,Y,N,
6,Y,N,
7,Y,N,
8,Y,N,
2020-049-8,N,,Control
2020-049-7,N,,Pentachrome
2020-049-9,N,,Immuno
2008-027-2,,,
1,Y,Y,
2,Y,Y,
3,Y,Y,
4,Y,Y,
5,Y,Y,
6,Y,Y,
7,Y,Y,
8,Y,Y,
2012-030-3,,,
1,Y,Y,
2,Y,Y,
3,Y,Y,
4,Y,Y,
2019-101-6,,,
1,Y,Y,
2,Y,Y,
3,Y,Y,
4,Y,Y,
5,Y,Y,
6,Y,Y,
7,Y,Y,
8,Y,Y,
9,Y,Y,
10,Y,Y,
2003-010-1,,,
1,Y,Y,
2,Y,Y,
3,Y,Y,
4,Y,Y,
5,Y,Y,
6,Y,Y,
7,Y,Y,
8,Y,Y,
9,Y,Y,
10,Y,Y,
11,Y,Y,
12,Y,Y,
13,Y,Y,
14,Y,Y,
15,Y,Y,
16,Y,Y,
17,Y,Y,
18,Y,Y,
2020-049-10,N,,Immuno
2003-010-2,,,
1,Y,Y,
2,Y,Y,
3,Y,Y,
4,Y,Y,
5,Y,Y,
6,Y,Y,
7,Y,Y,
8,Y,Y,
9,Y,Y,
10,Y,Y,
11,Y,Y,
12,Y,Y,
13,Y,Y,
14,Y,Y,
15,Y,Y,
16,Y,Y,
17,Y,Y,
18,Y,Y,
2019-101-7,N,,Immuno
2020-049-1,,,
1,Y,N,
2,Y,N,
3,Y,N,
4,Y,N,
5,Y,N,
6,Y,N,
7,Y,N,
8,Y,N,
2020-049-2,,,
1,Y,N,
2,Y,N,
3,Y,N,
4,Y,N,
5,Y,N,
6,Y,N,
7,Y,N,
8,Y,N,
2020-045-1,,,
1,Y,N,
2,Y,N,
3,Y,N,
4,Y,N,
5,Y,N,
6,Y,N,
7,Y,N,
8,Y,N,
2020-045-3,,,
1,Y,N,
2,Y,N,
3,Y,N,
4,Y,N,
5,Y,N,
6,Y,N,
7,Y,N,
8,Y,N,
2020-045-4,,,
1,Y,N,
2,Y,N,
3,Y,N,
4,Y,N,
5,Y,N,
6,Y,N,
7,Y,N,
8,Y,N,
2020-045-9,N,,Immuno
2003-054-1,,,
1,Y,Y,
2,Y,Y,
3,Y,Y,
4,Y,Y,
5,Y,Y,
6,Y,Y,
7,Y,Y,
8,Y,Y,
9,Y,Y,
10,Y,Y,
11,Y,Y,
12,Y,Y,
2003-033-6,,,
1,Y,Y,
2,Y,Y,
3,Y,Y,
4,Y,Y,
5,Y,Y,
6,Y,Y,
7,Y,Y,
8,Y,Y,
2020-048-1,,,
1,Y,N,
2,Y,N,
3,Y,N,
4,Y,N,
5,Y,N,
6,Y,N,
7,Y,N,
8,Y,N,
2003-054-2,,,
1,Y,Y,
2,Y,Y,
3,Y,Y,
4,Y,Y,
5,Y,Y,
6,Y,Y,
7,Y,Y,
8,Y,Y,
9,Y,Y,
10,Y,Y,
11,Y,Y,
12,Y,Y,
2020-049-4,,,
1,Y,N,
2,Y,N,
3,Y,N,
4,Y,N,
5,Y,N,
6,Y,N,
7,Y,N,
8,Y,N,
2020-048-3,,,
1,Y,N,
2,Y,N,
3,Y,N,
4,Y,N,
5,Y,N,
6,Y,N,
7,Y,N,
8,Y,N,
2020-049-6,,,
1,Y,N,
2,Y,N,
3,Y,N,
4,Y,N,
5,Y,N,
6,Y,N,
7,Y,N,
8,Y,N,
2003-054-6,,,
1,Y,Y,
2,Y,Y,
3,Y,Y,
4,Y,Y,
5,Y,Y,
6,Y,Y,
7,Y,Y,
8,Y,Y,
9,Y,Y,
10,Y,Y,
2020-048-2,,,
1,Y,N,
2,Y,N,
3,Y,N,
4,Y,N,
5,Y,N,
6,Y,N,
7,Y,N,
8,Y,N,
2003-054-7,N,Pentachrome,
2003-054-8,N,Control,
2017-042-5,,,
1,Y,Y,
2,Y,Y,
3,Y,Y,
4,Y,Y,
5,Y,Y,
6,Y,Y,
7,Y,Y,
8,Y,Y,
9,Y,Y,
10,Y,Y,
11,Y,Y,
12,Y,Y,
2017-042-3,,,
1,Y,Y,
2,Y,Y,
3,Y,Y,
4,Y,Y,
5,Y,Y,
6,Y,Y,
7,Y,Y,
8,Y,Y,
9,Y,Y,
10,Y,Y,
11,Y,Y,
12,Y,Y,
2017-044-1,,,
1,Y,N,
2,Y,N,
3,Y,Y,
4,Y,Y,
5,Y,Y,
6,Y,N,
2017-044-2,,,
1,Y,N,
2,Y,N,
3,Y,Y,
4,Y,Y,
5,Y,Y,
6,Y,N,
2017-044-3,,,
1,Y,N,
2,Y,N,
3,Y,Y,
4,Y,Y,
5,Y,Y,
6,Y,N,
2017-044-4,,,
1,Y,N,
2,Y,N,
3,Y,Y,
4,Y,Y,
5,Y,Y,
6,Y,N,
2017-044-6,,,
1,Y,N,
2,Y,N,
3,Y,Y,
4,Y,Y,
5,Y,Y,
6,Y,N,
2018-016-2,,,
1,Y,Y,
2,Y,Y,
3,Y,Y,
4,Y,N,
5,Y,N,
6,Y,N,
7,Y,N,
8,Y,N,
9,Y,N,
10,Y,N,
11,Y,N,
12,Y,N,
2018-016-3,,,
1,Y,Y,
2,Y,Y,
3,Y,Y,
4,Y,N,
5,Y,N,
6,Y,N,
7,Y,N,
8,Y,N,
9,Y,N,
10,Y,N,
11,Y,N,
12,Y,N,
2018-016-4,,,
1,Y,Y,
2,Y,Y,
3,Y,Y,
4,Y,N,
5,Y,N,
6,Y,N,
7,Y,N,
8,Y,N,
9,Y,N,
10,Y,N,
11,Y,N,
12,Y,N,
2018-016-6,,,
1,Y,Y,
2,Y,Y,
3,Y,N,
4,Y,N,
5,Y,N,
6,Y,N,
7,Y,N,
8,Y,N,
2018-016-7,N,,Control
2018-016-5,,,
1,Y,Y,
2,Y,Y,
3,Y,N,
4,Y,N,
5,Y,N,
6,Y,N,
7,Y,N,
8,Y,N,
2000-005-3,,,
1,Y,Y,
2,Y,Y,
3,Y,Y,
4,Y,Y,
5,Y,Y,
6,Y,Y,
7,Y,Y,
8,Y,Y,
9,Y,Y,
10,Y,Y,
11,Y,Y,
12,Y,Y,
13,Y,Y,
14,Y,Y,
15,Y,Y,
2000-005-2,,,
1,Y,Y,
2,Y,Y,
3,Y,Y,
4,Y,Y,
5,Y,Y,
6,Y,Y,
7,Y,Y,
8,Y,Y,
9,Y,Y,
10,Y,Y,
11,Y,Y,
12,Y,Y,
13,Y,Y,
14,Y,Y,
15,Y,Y,
16,Y,Y,
17,Y,Y,
18,Y,Y,
19,Y,Y,
20,Y,Y,
2000-005-1,,,
1,Y,Y,
2,Y,Y,
3,Y,Y,
4,Y,Y,
5,Y,Y,
6,Y,Y,
7,Y,Y,
8,Y,Y,
9,Y,Y,
10,Y,Y,
2003-008-15,,,
1,Y,Y,
2,Y,Y,
3,Y,Y,
4,Y,Y,
5,Y,Y,
2003-008-14,,,
1,Y,Y,
2,Y,Y,
3,Y,Y,
4,Y,Y,
5,Y,Y,
2003-008-2,,,
1,Y,Y,
2,Y,Y,
3,Y,Y,
4,Y,Y,
5,Y,Y,
6,Y,Y,
7,Y,Y,
8,Y,Y,
9,Y,Y,
10,Y,Y,
11,Y,Y,
12,Y,Y,
2003-008-3,,,
1,Y,Y,
2,Y,Y,
3,Y,Y,
4,Y,Y,
5,Y,Y,
6,Y,Y,
2003-008-6,,,
1,Y,Y,
2,Y,Y,
3,Y,Y,
4,Y,Y,
5,Y,Y,
6,Y,Y,
7,Y,Y,
8,Y,Y,
9,Y,Y,
10,Y,Y,
11,Y,Y,
12,Y,Y,
13,Y,Y,
14,Y,Y,
15,Y,Y,
16,Y,Y,
17,Y,Y,
18,Y,Y,
19,Y,Y,
20,Y,Y,
21,Y,Y,
22,Y,Y,
23,Y,Y,
24,Y,Y,
25,Y,Y,
26,Y,Y,
27,Y,Y,
28,Y,Y,
2003-008-7,,,
1,Y,Y,
2,Y,Y,
3,Y,Y,
4,Y,Y,
5,Y,Y,
6,Y,Y,
7,Y,Y,
8,Y,Y,
9,Y,Y,
10,Y,Y,
11,Y,Y,
12,Y,Y,
13,Y,Y,
14,Y,Y,
2003-008-8,,,
1,Y,Y,
2,Y,Y,
3,Y,Y,
4,Y,Y,
5,Y,Y,
6,Y,Y,
7,Y,Y,
8,Y,Y,
9,Y,Y,
10,Y,Y,
11,Y,Y,
12,Y,Y,
13,Y,Y,
2003-008-9,,,
1,Y,Y,
2,Y,Y,
3,Y,Y,
4,Y,Y,
5,Y,Y,
6,Y,Y,
7,Y,Y,
8,Y,Y,
9,Y,Y,
10,Y,Y,
11,Y,Y,
12,Y,Y,
13,Y,Y,
14,Y,Y,
15,Y,Y,
2003-033-2,,,
1,Y,Y,
2,Y,Y,
3,Y,Y,
4,Y,Y,
5,Y,Y,
6,Y,Y,
7,Y,Y,
8,Y,Y,
2003-033-3,,,
1,Y,Y,
2,Y,Y,
3,Y,Y,
4,Y,Y,
5,Y,Y,
6,Y,Y,
7,Y,Y,
8,Y,Y,
2003-033-4,,,
1,Y,Y,
2,Y,Y,
3,Y,Y,
4,Y,Y,
5,Y,Y,
6,Y,Y,
7,Y,Y,
8,Y,Y,
2003-033-1,,,
1,Y,Y,
2,Y,Y,
3,Y,Y,
4,Y,Y,
5,Y,Y,
6,Y,Y,
7,Y,Y,
8,Y,Y,
2003-033-5,,,
1,Y,Y,
2,Y,Y,
3,Y,Y,
4,Y,Y,
5,Y,Y,
6,Y,Y,
7,Y,Y,
8,Y,Y,
2003-054-3,,,
1,Y,Y,
2,Y,Y,
3,Y,Y,
4,Y,Y,
5,Y,Y,
6,Y,Y,
7,Y,Y,
8,Y,Y,
9,Y,Y,
10,Y,Y,
2003-054-4,,,
1,Y,Y,
2,Y,Y,
3,Y,Y,
4,Y,Y,
5,Y,Y,
6,Y,Y,
7,Y,Y,
8,Y,Y,
9,Y,Y,
10,Y,Y,
2003-054-5,,,
1,Y,Y,
2,Y,Y,
3,Y,Y,
4,Y,Y,
5,Y,Y,
6,Y,Y,
7,Y,Y,
8,Y,Y,
9,Y,Y,
2005-047-9,,,
1,Y,Y,
2,Y,Y,
3,Y,Y,
4,Y,Y,
5,Y,Y,
6,Y,Y,
2006-015-3,,,
1,Y,Y,
2,Y,Y,
3,Y,Y,
4,Y,Y,
5,Y,Y,
6,Y,Y,
2007-014-5,,,
1,Y,Y,
2,Y,Y,
3,Y,Y,
4,Y,Y,
5,Y,Y,
6,Y,Y,
7,Y,Y,
8,Y,Y,
2010-015-3,N,,Out of focus
2011-039-9,,,
1,Y,N,
2,Y,N,
3,Y,N,
4,Y,N,
5,Y,N,
2011-039-7,N,,Pentachrome
2011-039-11,N,,Trichrome
2011-039-2,,,
1,Y,N,
2,Y,N,
3,Y,N,
4,Y,N,
5,Y,N,
2011-039-6,,,
1,Y,N,
2,Y,N,
3,Y,N,
4,Y,N,
5,Y,N,
2011-039-4,,,
1,Y,N,
2,Y,N,
3,Y,N,
4,Y,N,
5,Y,N,
2011-039-3,,,
1,Y,N,
2,Y,N,
3,Y,N,
4,Y,N,
5,Y,N,
2011-039-10,N,,Control
2009-031-3,,,
1,Y,Y,
2,Y,N,
3,Y,Y,
4,Y,N,
5,Y,N,
6,Y,N,
7,Y,N,
8,Y,N,
9,Y,N,
10,Y,N,
2009-031-2,,,
1,Y,Y,
2,Y,N,
3,Y,N,
4,Y,Y,
5,Y,N,
6,Y,N,
7,Y,N,
8,Y,N,
9,Y,N,
10,Y,N,
11,Y,Y,
2005-047-13,,,
1,Y,Y,
2,Y,Y,
3,Y,Y,
4,Y,Y,
5,Y,Y,
6,Y,Y,
7,Y,Y,
8,Y,Y,
9,Y,Y,
10,Y,Y,
2005-047-18,N,,Pentachrome
2005-047-17,N,,Pentachrome
2005-047-14,,,
1,Y,Y,
2,Y,Y,
3,Y,Y,
4,Y,Y,
5,Y,Y,
6,Y,Y,
7,Y,Y,
8,Y,Y,
9,Y,Y,
10,Y,Y,
2005-047-12,,,
1,Y,Y,
2,Y,Y,
3,Y,Y,
4,Y,Y,
5,Y,Y,
6,Y,Y,
2009-031-1,,,
1,Y,Y,
2,Y,N,
3,Y,Y,
4,Y,N,
5,Y,N,
6,Y,N,
7,Y,N,
8,Y,N,
9,Y,N,
10,Y,N,
2005-047-19,N,,Control
2011-039-8,N,,Control
2011-039-12,N,,Control
2005-047-16,,,
1,Y,Y,
2,Y,Y,
3,Y,Y,
2005-047-15,,,
1,Y,Y,
2,Y,Y,
3,Y,Y,
2005-047-20,N,,Pentachrome
2014-047-3,,,
1,Y,Y,
2,Y,Y,
3,Y,Y,
4,Y,Y,
5,Y,Y,
2014-047-1,,,
1,Y,Y,
2,Y,Y,
3,Y,Y,
4,Y,Y,
5,Y,Y,
2014-046-5,,,
1,Y,Y,
2,Y,Y,
3,Y,Y,
4,Y,Y,
5,Y,Y,
6,Y,Y,
7,Y,Y,
8,Y,Y,
9,Y,Y,
10,Y,Y,
11,Y,Y,
12,Y,Y,
13,Y,Y,
14,Y,Y,
15,Y,Y,
2014-046-1,,,
1,Y,Y,
2,Y,Y,
3,Y,Y,
4,Y,Y,
5,Y,Y,
6,Y,Y,
7,Y,Y,
8,Y,Y,
9,Y,Y,
10,Y,Y,
11,Y,Y,
12,Y,Y,
13,Y,Y,
14,Y,Y,
15,Y,Y,
2014-031-5,,,
1,Y,Y,
2,Y,Y,
3,Y,Y,
4,Y,Y,
5,Y,Y,
6,Y,Y,
7,Y,Y,
8,Y,Y,
9,Y,Y,
10,Y,Y,
11,Y,Y,
12,Y,Y,
2014-031-3,,,
1,Y,Y,
2,Y,Y,
3,Y,Y,
4,Y,Y,
5,Y,Y,
6,Y,Y,
7,Y,Y,
8,Y,Y,
9,Y,Y,
10,Y,Y,
11,Y,Y,
12,Y,Y,
2014-026-8,N,,Control
2014-026-6,,,
1,Y,Y,
2,Y,Y,
3,Y,Y,
4,Y,Y,
5,Y,Y,
2014-024-2,,,
1,Y,Y,
2,Y,Y,
3,Y,Y,
4,Y,Y,
5,Y,Y,
6,Y,Y,
7,Y,Y,
8,Y,Y,
2012-029-1,,,
1,Y,Y,
2,Y,Y,
3,Y,Y,
4,Y,Y,
5,Y,Y,
6,Y,Y,
7,Y,Y,
8,Y,Y,
9,Y,Y,
10,Y,Y,
2012-022-9,,,
1,Y,N,
2,Y,N,
3,Y,N,
4,Y,N,
5,Y,N,
6,Y,N,
7,Y,N,
8,Y,N,
9,Y,Y,
10,Y,Y,
2012-022-8,,,
1,Y,N,
2,Y,N,
3,Y,N,
4,Y,N,
5,Y,N,
6,Y,N,
7,Y,N,
8,Y,N,
9,Y,Y,
10,Y,Y,
2012-022-7,,,
1,Y,N,
2,Y,N,
3,Y,N,
4,Y,N,
5,Y,N,
6,Y,N,
7,Y,N,
8,Y,N,
9,Y,Y,
10,Y,Y,
2012-022-6,,,
1,Y,N,
2,Y,N,
3,Y,N,
4,Y,N,
5,Y,N,
6,Y,N,
7,Y,N,
8,Y,N,
9,Y,N,
10,Y,N,
11,Y,N,
12,Y,N,
13,Y,Y,
14,Y,Y,
15,Y,Y,
2012-022-5,,,
1,Y,N,
2,Y,N,
3,Y,N,
4,Y,N,
5,Y,N,
6,Y,N,
7,Y,N,
8,Y,N,
2012-022-4,,,
1,Y,N,
2,Y,N,
3,Y,N,
4,Y,N,
5,Y,N,
6,Y,N,
7,Y,N,
8,Y,N,
2012-022-3,,,
1,Y,N,
2,Y,N,
3,Y,N,
4,Y,N,
5,Y,N,
6,Y,N,
7,Y,N,
8,Y,N,
2012-022-2,,,
1,Y,N,
2,Y,N,
3,Y,N,
4,Y,N,
5,Y,N,
6,Y,N,
7,Y,N,
8,Y,N,
2012-022-11,,,
1,Y,N,
2,Y,N,
3,Y,N,
4,Y,N,
5,Y,N,
6,Y,N,
7,Y,N,
8,Y,N,
9,Y,Y,
10,Y,Y,
2012-022-10,,,
1,Y,N,
2,Y,N,
3,Y,N,
4,Y,N,
5,Y,N,
6,Y,N,
7,Y,N,
8,Y,N,
9,Y,Y,
10,Y,Y,
2012-022-1,,,
1,Y,N,
2,Y,N,
3,Y,N,
4,Y,N,
5,Y,N,
6,Y,N,
7,Y,N,
8,Y,N,
2011-009-2,,,
1,Y,Y,
2,Y,Y,
3,Y,Y,
4,Y,Y,
5,Y,Y,
2011-007-8,N,,Control
2011-007-1,,,
1,Y,Y,
2,Y,Y,
3,Y,Y,
4,Y,Y,
5,Y,Y,
2010-015-6,,,
1,Y,Y,
2,Y,Y,
3,Y,Y,
4,Y,Y,
5,Y,Y,
2010-015-4,,,
1,Y,Y,
2,Y,Y,
3,Y,Y,
4,Y,Y,
5,Y,Y,
6,Y,Y,
7,Y,Y,
8,Y,Y,
9,Y,Y,
10,Y,Y,
2010-015-5,,,
1,Y,Y,
2,Y,Y,
3,Y,Y,
4,Y,Y,
5,Y,Y,
6,Y,Y,
7,Y,Y,
8,Y,Y,
9,Y,Y,
2011-009-1,,,
1,Y,Y,
2,Y,Y,
3,Y,Y,
4,Y,Y,
5,Y,Y,
2010-015-2,,,
1,Y,Y,
2,Y,Y,
3,Y,Y,
4,Y,Y,
5,Y,Y,
6,Y,Y,
7,Y,Y,
8,Y,Y,
9,Y,Y,
10,Y,Y,
2010-015-1,,,
1,Y,Y,
2,Y,Y,
3,Y,Y,
4,Y,Y,
5,Y,Y,
6,Y,Y,
7,Y,Y,
8,Y,Y,
9,Y,Y,
10,Y,Y,
2009-031-5,,,
1,Y,Y,
2,Y,N,
3,Y,Y,
4,Y,N,
5,Y,N,
6,Y,N,
7,Y,N,
8,Y,N,
9,Y,N,
10,Y,N,
2009-031-4,,,
1,Y,Y,
2,Y,Y,
3,Y,N,
4,Y,N,
5,Y,N,
6,Y,N,
7,Y,N,
8,Y,N,
9,Y,N,
10,Y,N,
2008-030-5,,,
1,Y,Y,
2,Y,Y,
3,Y,Y,
4,Y,Y,
5,Y,Y,
6,Y,Y,
2008-030-6,,,
1,Y,Y,
2,Y,Y,
3,Y,Y,
4,Y,Y,
5,Y,Y,
6,Y,Y,
2008-030-4,,,
1,N,,Debris
2,Y,Y,
3,Y,Y,
4,Y,Y,
5,Y,Y,
6,Y,Y,
2008-030-3,,,
1,Y,Y,
2,Y,Y,
3,Y,Y,
4,Y,Y,
5,Y,Y,
6,Y,Y,
2008-030-2,,,
1,Y,Y,
2,Y,Y,
3,Y,Y,
4,Y,Y,
5,Y,Y,
2008-030-1,,,
1,Y,Y,
2,Y,Y,
3,Y,Y,
4,Y,Y,
5,Y,Y,
6,Y,Y,
2008-027-8,N,,Pentachrome
2008-027-7,N,,Pentachrome
2008-027-6,,,
1,Y,Y,
2,Y,Y,
3,Y,Y,
4,Y,Y,
5,Y,Y,
6,Y,Y,
7,Y,Y,
8,Y,Y,
2008-027-5,,,
1,Y,Y,
2,Y,Y,
3,Y,Y,
4,Y,Y,
5,Y,Y,
6,Y,Y,
7,Y,Y,
8,Y,Y,
2008-027-4,,,
1,Y,Y,
2,Y,Y,
3,Y,Y,
4,Y,Y,
5,Y,Y,
6,Y,Y,
7,Y,Y,
8,Y,Y,
2008-027-3,,,
1,Y,Y,
2,Y,Y,
3,Y,Y,
4,Y,Y,
5,Y,Y,
6,Y,Y,
7,Y,Y,
8,Y,Y,
2008-026-8,N,,Pentachrome
2008-026-7,N,,Pentachrome
2008-026-6,,,
1,Y,Y,
2,Y,Y,
3,Y,Y,
4,Y,Y,
5,Y,Y,
6,Y,Y,
7,Y,Y,
8,Y,Y,
9,Y,Y,
10,Y,Y,
11,Y,Y,
12,Y,Y,
2008-026-5,,,
1,Y,Y,
2,Y,Y,
3,Y,Y,
4,Y,Y,
5,Y,Y,
6,Y,Y,
7,Y,Y,
8,Y,Y,
9,Y,Y,
10,Y,Y,
11,Y,Y,
12,Y,Y,
2008-026-4,,,
1,Y,Y,
2,Y,Y,
3,Y,Y,
4,Y,Y,
5,Y,Y,
6,Y,Y,
7,Y,Y,
8,Y,Y,
9,Y,Y,
10,Y,Y,
11,Y,Y,
12,Y,Y,
2008-026-3,,,
1,Y,Y,
2,Y,Y,
3,Y,Y,
4,Y,Y,
5,Y,Y,
6,Y,Y,
7,Y,Y,
8,Y,Y,
9,Y,Y,
10,Y,Y,
11,Y,Y,
12,Y,Y,
2008-026-2,,,
1,Y,Y,
2,Y,Y,
3,Y,Y,
4,Y,Y,
5,Y,Y,
6,Y,Y,
7,Y,Y,
8,Y,Y,
9,Y,Y,
10,Y,Y,
11,Y,Y,
12,Y,Y,
2008-026-1,,,
1,Y,Y,
2,Y,Y,
3,Y,Y,
4,Y,Y,
5,Y,Y,
6,Y,Y,
7,Y,Y,
8,Y,Y,
9,Y,Y,
10,Y,Y,
11,Y,Y,
12,Y,Y,
2007-014-9,N,,Pentachrome
2007-014-8,N,,Control
2007-014-7,N,,Immuno
2007-014-6,,,
1,Y,Y,
2,Y,Y,
3,Y,Y,
4,Y,Y,
5,Y,Y,
6,Y,Y,
7,Y,Y,
8,Y,Y,
2007-014-4,,,
1,Y,Y,
2,Y,Y,
3,Y,Y,
4,Y,Y,
5,Y,Y,
6,Y,Y,
7,Y,Y,
8,Y,Y,
2007-014-3,,,
1,Y,Y,
2,Y,Y,
3,Y,Y,
4,Y,Y,
5,Y,Y,
6,Y,Y,
7,Y,Y,
8,Y,Y,
2007-014-2,,,
1,Y,Y,
2,Y,Y,
3,Y,Y,
4,Y,Y,
5,Y,Y,
6,Y,Y,
7,Y,Y,
8,Y,Y,
2007-014-1,,,
1,Y,Y,
2,Y,Y,
3,Y,Y,
4,Y,Y,
5,Y,Y,
6,Y,Y,
7,Y,Y,
8,Y,Y,
2007-014-11,N,,Immuno
2007-003-7,N,,BCC
2007-003-6,,,
1,Y,N,
2,Y,N,
3,Y,N,
4,Y,N,
5,Y,N,
6,Y,N,
7,Y,N,
8,Y,N,
2007-014-10,N,,Immuno
2007-014-12,N,,Immuno
2007-003-5,,,
1,Y,N,
2,Y,N,
3,Y,N,
4,Y,N,
5,Y,N,
6,Y,N,
7,Y,N,
8,Y,N,
2007-003-4,,,
1,Y,N,
2,Y,N,
3,Y,N,
4,Y,N,
5,Y,N,
6,Y,N,
7,Y,N,
8,Y,N,
2007-003-3,,,
1,Y,N,
2,Y,N,
3,Y,N,
4,Y,N,
5,Y,N,
6,Y,N,
7,Y,N,
8,Y,N,
2007-003-2,,,
1,Y,N,
2,Y,N,
3,Y,N,
4,Y,N,
5,Y,N,
6,Y,N,
7,Y,N,
8,Y,N,
2007-003-1,,,
1,Y,N,
2,Y,N,
3,Y,N,
4,Y,N,
5,Y,N,
6,Y,N,
7,Y,N,
8,Y,N,
2006-023-7,,,
1,Y,Y,
2,Y,Y,
3,Y,Y,
4,Y,Y,
2006-015-5,,,
1,Y,Y,
2,Y,Y,
3,Y,Y,
4,Y,Y,
5,Y,Y,
6,Y,Y,
7,Y,Y,
8,Y,Y,
2005-047-8,,,
1,Y,Y,
2,Y,Y,
3,Y,Y,
4,Y,Y,
5,Y,Y,
6,Y,Y,
2006-023-1,N,,Poor section
2005-047-10,,,
1,Y,Y,
2,Y,Y,
3,Y,Y,
4,Y,Y,
5,Y,Y,
6,Y,Y,
2006-015-6,,,
1,Y,Y,
2,Y,Y,
3,Y,Y,
4,Y,Y,
5,Y,Y,
6,Y,Y,
2006-023-5,,,
1,Y,Y,
2,Y,Y,
3,Y,Y,
4,Y,Y,
2006-023-2,,,
1,Y,Y,
2,Y,Y,
3,Y,Y,
4,Y,Y,
2006-023-6,,,
1,Y,Y,
2,Y,Y,
3,Y,Y,
4,Y,Y,
2006-023-4,,,
1,Y,Y,
2,Y,Y,
3,Y,Y,
4,Y,Y,
2006-015-4,,,
1,Y,Y,
2,Y,Y,
3,Y,Y,
4,Y,Y,
5,Y,Y,
6,Y,Y,
2006-015-1,,,
1,Y,Y,
2,Y,Y,
3,Y,Y,
4,Y,Y,
5,Y,Y,
6,Y,Y,
2004-027-1,,,
1,Y,Y,
2,Y,Y,
3,Y,Y,
4,Y,Y,
5,Y,Y,
6,Y,Y,
2005-047-11,,,
1,Y,Y,
2,Y,Y,
3,Y,Y,
4,Y,Y,
5,Y,Y,
6,Y,Y,
2005-047-7,,,
1,Y,Y,
2,Y,Y,
3,Y,Y,
4,Y,Y,
5,Y,Y,
6,Y,Y,
2006-015-2,,,
1,Y,Y,
2,Y,Y,
3,Y,Y,
4,Y,Y,
5,Y,Y,
6,Y,Y,
2004-027-2,,,
1,Y,Y,
2,Y,Y,
3,Y,Y,
4,Y,Y,
5,Y,Y,
6,Y,Y,
2005-047-2,,,
1,Y,Y,
2,Y,Y,
3,Y,Y,
4,Y,Y,
5,Y,Y,
6,Y,Y,
2005-047-4,,,
1,Y,Y,
2,Y,Y,
3,Y,Y,
4,Y,Y,
5,Y,Y,
6,Y,Y,
2005-047-5,,,
1,Y,Y,
2,Y,Y,
3,Y,Y,
4,Y,Y,
5,Y,Y,
6,Y,Y,
2005-047-6,,,
1,Y,Y,
2,Y,Y,
3,Y,Y,
4,Y,Y,
5,Y,Y,
6,Y,Y,
2005-047-3,,,
1,Y,Y,
2,Y,Y,
3,Y,Y,
4,Y,Y,
5,Y,Y,
6,Y,Y,
2014-047-6,,,
1,Y,Y,
2,Y,Y,
3,Y,Y,
4,Y,Y,
5,Y,Y,
2014-047-2,,,
1,Y,Y,
2,Y,Y,
3,Y,Y,
4,Y,Y,
5,Y,Y,
2014-047-5,,,
1,Y,Y,
2,Y,Y,
3,Y,Y,
4,Y,Y,
5,Y,Y,
2014-046-6,,,
1,Y,Y,
2,Y,Y,
3,Y,Y,
4,Y,Y,
5,Y,Y,
6,Y,Y,
7,Y,Y,
8,Y,Y,
9,Y,Y,
10,Y,Y,
11,Y,Y,
12,Y,Y,
13,Y,Y,
14,Y,Y,
15,Y,Y,
16,Y,Y,
17,Y,Y,
18,Y,Y,
19,Y,Y,
20,Y,Y,
2014-047-4,,,
1,Y,Y,
2,Y,Y,
3,Y,Y,
4,Y,Y,
5,Y,Y,
2014-046-4,,,
1,Y,Y,
2,Y,Y,
3,Y,Y,
4,Y,Y,
5,Y,Y,
6,Y,Y,
7,Y,Y,
8,Y,Y,
9,Y,Y,
10,Y,Y,
2014-046-2,,,
1,Y,Y,
2,Y,Y,
3,Y,Y,
4,Y,Y,
5,Y,Y,
6,Y,Y,
7,Y,Y,
8,Y,Y,
9,Y,Y,
10,Y,Y,
11,Y,Y,
12,Y,Y,
13,Y,Y,
14,Y,Y,
15,Y,Y,
2014-031-6,,,
1,Y,Y,
2,Y,Y,
3,Y,Y,
4,Y,Y,
5,Y,Y,
6,Y,Y,
7,Y,Y,
8,Y,Y,
9,Y,Y,
10,Y,Y,
11,Y,Y,
12,Y,Y,
2014-031-4,,,
1,Y,Y,
2,Y,Y,
3,Y,Y,
4,Y,Y,
5,Y,Y,
6,Y,Y,
7,Y,Y,
8,Y,Y,
9,Y,Y,
2014-031-2,,,
1,Y,Y,
2,Y,Y,
3,Y,Y,
4,Y,Y,
5,Y,Y,
6,Y,Y,
7,Y,Y,
8,Y,Y,
9,Y,Y,
10,Y,Y,
11,Y,Y,
12,Y,Y,
2014-031-1,,,
1,Y,Y,
2,Y,Y,
3,Y,Y,
4,Y,Y,
5,Y,Y,
6,Y,Y,
7,Y,Y,
8,Y,Y,
9,Y,Y,
10,Y,Y,
11,Y,Y,
12,N,,Off Slide
2014-046-3,,,
1,Y,Y,
2,Y,Y,
3,Y,Y,
4,Y,Y,
5,Y,Y,
6,Y,Y,
7,Y,Y,
8,Y,Y,
9,Y,Y,
10,Y,Y,
11,Y,Y,
12,Y,Y,
13,Y,Y,
14,Y,Y,
15,Y,Y,
2014-026-2,,,
1,Y,Y,
2,Y,Y,
3,Y,Y,
4,Y,Y,
5,Y,Y,
2014-026-7,N,,Immuno
2014-026-4,,,
1,Y,Y,
2,Y,Y,
3,Y,Y,
4,Y,Y,
5,Y,Y,
2014-026-1,,,
1,Y,Y,
2,Y,Y,
3,Y,Y,
4,Y,Y,
5,Y,Y,
6,Y,Y,
7,Y,Y,
8,Y,Y,
9,Y,Y,
10,Y,Y,
2014-026-5,,,
1,Y,Y,
2,Y,Y,
3,Y,Y,
4,Y,Y,
5,Y,Y,
2014-026-3,,,
1,Y,Y,
2,Y,Y,
3,Y,Y,
4,Y,Y,
5,Y,Y,
2014-024-6,,,
1,Y,Y,
2,Y,Y,
3,Y,Y,
4,Y,Y,
5,Y,Y,
6,Y,Y,
7,Y,Y,
8,Y,Y,
9,Y,Y,
10,Y,Y,
11,Y,Y,
12,Y,Y,
2014-024-3,,,
1,Y,Y,
2,Y,Y,
3,Y,Y,
4,Y,Y,
5,Y,Y,
6,Y,Y,
7,Y,Y,
8,Y,Y,
9,Y,Y,
10,Y,Y,
11,Y,Y,
12,Y,Y,
2014-024-1,,,
1,Y,Y,
2,Y,Y,
3,Y,Y,
4,Y,Y,
5,Y,Y,
6,Y,Y,
7,Y,Y,
8,Y,Y,
9,Y,Y,
10,Y,Y,
11,Y,Y,
12,Y,Y,
13,Y,Y,
14,Y,Y,
15,Y,Y,
16,Y,Y,
2014-024-5,,,
1,Y,Y,
2,Y,Y,
3,Y,Y,
4,Y,Y,
5,Y,Y,
6,Y,Y,
7,Y,Y,
8,Y,Y,
9,Y,Y,
10,Y,Y,
11,Y,Y,
12,Y,Y,
2014-024-4,,,
1,Y,Y,
2,Y,Y,
3,Y,Y,
4,Y,Y,
5,Y,Y,
6,Y,Y,
7,Y,Y,
8,Y,Y,
9,Y,Y,
10,Y,Y,
11,Y,Y,
12,Y,Y,
2005-043-3,,,
1,Y,Y,
2,Y,Y,
3,Y,Y,
4,Y,Y,
5,Y,Y,
6,Y,Y,
7,Y,Y,
8,Y,Y,
9,Y,Y,
10,Y,Y,
11,Y,Y,
12,Y,Y,
13,Y,Y,
14,Y,Y,
15,Y,Y,
16,Y,Y,
2005-043-1,,,
1,Y,Y,
2,Y,Y,
3,Y,Y,
4,Y,Y,
5,Y,Y,
6,Y,Y,
7,Y,Y,
8,Y,Y,
9,Y,Y,
10,Y,Y,
11,Y,Y,
12,Y,Y,
13,Y,Y,
14,Y,Y,
15,Y,Y,
16,Y,Y,
2005-043-2,,,
1,Y,Y,
2,Y,Y,
3,Y,Y,
4,Y,Y,
5,Y,Y,
6,Y,Y,
7,Y,Y,
8,Y,Y,
9,Y,Y,
10,Y,Y,
11,Y,Y,
12,Y,Y,
13,Y,Y,
14,Y,Y,
15,Y,Y,
16,Y,Y,
2004-049-9,,,
1,Y,Y,
2,Y,Y,
3,Y,Y,
4,Y,Y,
5,Y,Y,
6,Y,Y,
7,Y,Y,
8,Y,Y,
2004-049-8,,,
1,Y,Y,
2,Y,Y,
3,Y,Y,
4,Y,Y,
5,Y,Y,
6,Y,Y,
7,Y,Y,
8,Y,Y,
2004-049-6,,,
1,Y,Y,
2,Y,Y,
3,Y,Y,
4,Y,Y,
5,Y,Y,
6,Y,Y,
7,Y,Y,
8,Y,Y,
9,Y,Y,
10,Y,Y,
11,Y,Y,
12,Y,Y,
13,Y,Y,
14,Y,Y,
15,Y,Y,
16,Y,Y,
17,Y,Y,
18,Y,Y,
19,Y,Y,
20,Y,Y,
21,Y,Y,
22,Y,Y,
23,Y,Y,
2004-049-1,,,
1,Y,Y,
2,Y,Y,
3,Y,Y,
4,Y,Y,
5,Y,Y,
6,Y,Y,
7,Y,Y,
8,Y,Y,
9,Y,Y,
10,Y,Y,
11,Y,Y,
12,Y,Y,
13,Y,Y,
14,Y,Y,
15,Y,Y,
16,Y,Y,
17,Y,Y,
18,Y,Y,
19,Y,Y,
20,Y,Y,
2004-030-6,,,
1,Y,Y,
2,Y,Y,
3,Y,Y,
4,Y,Y,
5,Y,Y,
6,Y,Y,
7,Y,Y,
8,Y,Y,
9,Y,Y,
10,Y,N,
11,Y,N,
12,Y,N,
13,Y,N,
14,Y,N,
15,Y,N,
16,Y,N,
17,Y,N,
18,Y,N,
19,Y,N,
20,Y,N,
21,Y,Y,
22,Y,N,
23,Y,Y,
24,Y,N,
25,Y,Y,
26,Y,Y,
27,Y,Y,
28,Y,Y,
2004-049-12,,,
1,Y,Y,
2,Y,Y,
3,Y,Y,
4,Y,Y,
5,Y,Y,
6,Y,Y,
7,Y,Y,
8,Y,Y,
2004-049-5,,,
1,Y,Y,
2,Y,Y,
3,Y,Y,
4,Y,Y,
5,Y,Y,
6,Y,Y,
7,Y,Y,
8,Y,Y,
9,Y,Y,
10,Y,Y,
11,Y,Y,
12,Y,Y,
13,Y,Y,
14,Y,Y,
15,Y,Y,
2004-049-11,,,
1,Y,Y,
2,Y,Y,
3,Y,Y,
4,Y,Y,
5,Y,Y,
6,Y,Y,
7,Y,Y,
8,Y,Y,
2004-049-4,,,
1,Y,Y,
2,Y,Y,
3,Y,Y,
4,Y,Y,
5,Y,Y,
6,Y,Y,
7,Y,Y,
8,Y,Y,
9,Y,Y,
10,Y,Y,
11,Y,Y,
12,Y,Y,
13,Y,Y,
14,Y,Y,
15,Y,Y,
2004-049-7,,,
1,Y,Y,
2,Y,Y,
3,Y,Y,
4,Y,Y,
5,Y,Y,
6,Y,Y,
7,Y,Y,
8,Y,Y,
2004-049-2,,,
1,Y,Y,
2,Y,Y,
3,Y,Y,
4,Y,Y,
5,Y,Y,
6,Y,Y,
7,Y,Y,
8,Y,Y,
9,Y,Y,
10,Y,Y,
11,Y,Y,
12,Y,Y,
13,Y,Y,
14,Y,Y,
15,Y,Y,
2004-027-5,,,
1,Y,Y,
2,Y,Y,
3,Y,Y,
4,Y,Y,
5,Y,Y,
6,Y,Y,
2004-027-6,,,
1,Y,Y,
2,Y,Y,
3,Y,Y,
4,Y,Y,
5,Y,Y,
6,Y,Y,
2004-027-4,,,
1,Y,Y,
2,Y,Y,
3,Y,Y,
4,Y,Y,
5,Y,Y,
6,Y,Y,
2001-051-6,,,
1,Y,Y,
2,Y,Y,
3,Y,Y,
4,Y,Y,
5,Y,Y,
6,Y,Y,
7,Y,Y,
8,Y,Y,
9,Y,Y,
2004-030-1,,,
1,Y,Y,
2,Y,Y,
3,Y,Y,
4,Y,Y,
5,Y,Y,
6,Y,Y,
7,Y,N,
8,Y,Y,
9,Y,Y,
10,Y,N,
11,Y,Y,
12,Y,Y,
13,Y,Y,
14,Y,N,
15,Y,Y,
16,Y,Y,
17,Y,Y,
18,Y,Y,
2004-030-5,,,
1,Y,Y,
2,Y,Y,
3,Y,Y,
4,Y,N,
5,Y,Y,
6,Y,Y,
7,Y,N,
8,Y,Y,
9,Y,Y,
10,Y,Y,
11,Y,Y,
12,Y,Y,
13,Y,Y,
14,Y,N,
15,Y,Y,
16,Y,Y,
17,Y,Y,
18,Y,Y,
2004-030-7,N,,Pentachrome
2004-027-3,,,
1,Y,Y,
2,Y,Y,
3,Y,Y,
4,Y,Y,
5,Y,Y,
6,Y,Y,
2004-030-4,,,
1,Y,Y,
2,Y,Y,
3,Y,Y,
4,Y,Y,
5,Y,Y,
6,Y,Y,
7,Y,N,
8,Y,Y,
9,Y,N,
10,Y,Y,
11,Y,N,
12,Y,Y,
13,Y,Y,
14,Y,Y,
15,Y,Y,
16,Y,Y,
17,Y,Y,
18,Y,Y,
2003-008-1,,,
1,Y,Y,
2,Y,Y,
3,Y,Y,
4,Y,Y,
5,Y,Y,
6,Y,Y,
7,Y,Y,
8,Y,Y,
9,Y,Y,
2000-038-11,,,
1,Y,Y,
2,Y,Y,
3,Y,Y,
4,Y,Y,
2004-030-2,,,
1,Y,Y,
2,Y,Y,
3,Y,Y,
4,Y,Y,
5,Y,Y,
6,Y,Y,
7,Y,N,
8,Y,Y,
9,Y,N,
10,Y,Y,
11,Y,N,
12,Y,Y,
13,Y,Y,
14,Y,Y,
15,Y,Y,
16,Y,Y,
17,Y,Y,
2012-040-5,,,
1,Y,Y,
2,Y,Y,
3,Y,Y,
4,Y,Y,
5,Y,N,
6,Y,Y,
7,Y,Y,
8,Y,N,
2012-040-3,,,
1,Y,Y,
2,Y,Y,
3,Y,Y,
4,Y,Y,
5,Y,Y,
6,Y,Y,
7,Y,N,
8,Y,N,
2012-040-1,,,
1,Y,Y,
2,Y,Y,
3,Y,Y,
4,Y,Y,
5,Y,Y,
6,Y,Y,
7,Y,N,
2012-040-2,,,
1,Y,Y,
2,Y,Y,
3,Y,Y,
4,Y,Y,
5,Y,Y,
6,Y,Y,
7,Y,N,
8,Y,N,
2012-040-4,,,
1,Y,Y,
2,Y,Y,
3,Y,N,
4,Y,N,
5,Y,Y,
6,Y,Y,
7,Y,N,
8,Y,N,
2005-043-4,,,
1,Y,Y,
2,Y,Y,
3,Y,Y,
4,Y,Y,
5,Y,Y,
6,Y,Y,
7,Y,Y,
8,Y,Y,
9,Y,Y,
10,Y,Y,
11,Y,Y,
12,Y,Y,
13,Y,Y,
14,Y,Y,
15,Y,Y,
16,Y,Y,
2003-008-10,,,
1,Y,Y,
2,Y,Y,
3,Y,Y,
4,Y,Y,
5,Y,Y,
6,Y,Y,
7,Y,Y,
8,Y,Y,
9,Y,Y,
10,Y,Y,
11,Y,Y,
12,Y,Y,
13,Y,Y,
14,Y,Y,
15,Y,Y,
16,Y,Y,
2011-007-7,N,,Immuno
2012-030-4,,,
1,Y,Y,
2,Y,Y,
3,Y,Y,
4,Y,Y,
5,Y,Y,
6,Y,Y,
7,Y,Y,
8,Y,Y,
2012-030-5,,,
1,Y,Y,
2,Y,Y,
3,Y,Y,
4,Y,Y,
5,Y,Y,
6,Y,Y,
7,Y,Y,
8,Y,Y,
2005-043-6,,,
1,Y,Y,
2,Y,Y,
3,Y,Y,
4,Y,Y,
5,Y,Y,
6,Y,Y,
7,Y,Y,
8,Y,Y,
9,Y,Y,
10,Y,Y,
11,Y,Y,
12,Y,Y,
13,Y,Y,
14,Y,Y,
15,Y,Y,
16,Y,Y,
2005-043-5,,,
1,Y,Y,
2,Y,Y,
3,Y,Y,
4,Y,Y,
5,Y,Y,
6,Y,Y,
7,Y,Y,
8,Y,Y,
9,Y,Y,
10,Y,Y,
11,Y,Y,
12,Y,Y,
13,Y,Y,
14,Y,Y,
15,Y,Y,
16,Y,Y,
2012-030-2,,,
1,Y,Y,
2,Y,Y,
3,Y,Y,
4,Y,Y,
5,Y,Y,
6,Y,Y,
7,Y,Y,
8,Y,Y,
2012-030-6,,,
1,Y,Y,
2,Y,Y,
3,Y,Y,
4,Y,Y,
5,Y,Y,
6,Y,Y,
7,Y,Y,
8,Y,Y,
2011-009-6,,,
1,Y,Y,
2,Y,Y,
3,Y,Y,
4,Y,Y,
5,Y,Y,
2011-007-6,,,
1,Y,Y,
2,Y,Y,
3,Y,Y,
4,Y,Y,
5,Y,Y,
2011-007-2,,,
1,Y,Y,
2,Y,Y,
3,Y,Y,
4,Y,Y,
5,Y,Y,
2011-007-4,,,
1,Y,Y,
2,Y,Y,
3,Y,Y,
4,Y,Y,
5,Y,Y,
2011-007-3,,,
1,Y,Y,
2,Y,Y,
3,Y,Y,
4,Y,Y,
5,Y,Y,
2011-009-3,,,
1,Y,Y,
2,Y,Y,
3,Y,Y,
4,Y,Y,
5,Y,Y,
2011-009-5,,,
1,Y,Y,
2,Y,Y,
3,Y,Y,
4,Y,Y,
5,Y,Y,
2005-047-1,,,
1,Y,Y,
2,Y,Y,
3,Y,Y,
4,Y,Y,
5,Y,Y,
6,Y,Y,
2011-007-5,,,
1,Y,Y,
2,Y,Y,
3,Y,Y,
4,Y,Y,
5,Y,Y,
2012-030-1,,,
1,Y,Y,
2,Y,Y,
3,Y,Y,
4,Y,Y,
5,Y,Y,
6,Y,Y,
7,Y,Y,
8,Y,Y,
2012-029-5,,,
1,Y,Y,
2,Y,Y,
3,Y,Y,
4,Y,Y,
5,Y,Y,
6,Y,Y,
7,Y,Y,
8,Y,Y,
9,Y,Y,
10,Y,Y,
2012-029-4,,,
1,Y,Y,
2,Y,Y,
3,Y,Y,
4,Y,Y,
5,Y,Y,
6,Y,Y,
7,Y,Y,
8,Y,Y,
9,Y,Y,
10,Y,Y,
2012-029-2,,,
1,Y,Y,
2,Y,Y,
3,Y,Y,
4,Y,Y,
5,Y,Y,
6,Y,Y,
7,Y,Y,
8,Y,Y,
9,Y,Y,
10,Y,Y,